"trainer/global_step","none_pt2 - train_loss","none_pt2 - train_loss__MIN","none_pt2 - train_loss__MAX","none_pt2 - _step","none_pt2 - _step__MIN","none_pt2 - _step__MAX"
"260099","0.8661923408508301","0.8661923408508301","0.8661923408508301","0","0","0"
"260199","0.5017405152320862","0.5017405152320862","0.5017405152320862","1","1","1"
"260299","0.5933748483657837","0.5933748483657837","0.5933748483657837","2","2","2"
"260399","0.7370097637176514","0.7370097637176514","0.7370097637176514","3","3","3"
"260499","0.4239718019962311","0.4239718019962311","0.4239718019962311","4","4","4"
"260599","0.6982210874557495","0.6982210874557495","0.6982210874557495","5","5","5"
"260699","0.673464298248291","0.673464298248291","0.673464298248291","6","6","6"
"260799","0.6209263205528259","0.6209263205528259","0.6209263205528259","7","7","7"
"260899","0.6155346035957336","0.6155346035957336","0.6155346035957336","8","8","8"
"260999","0.7610712647438049","0.7610712647438049","0.7610712647438049","9","9","9"
"261099","0.5308989882469177","0.5308989882469177","0.5308989882469177","10","10","10"
"261199","0.5968897938728333","0.5968897938728333","0.5968897938728333","11","11","11"
"261299","0.4983833432197571","0.4983833432197571","0.4983833432197571","12","12","12"
"261399","0.5743644833564758","0.5743644833564758","0.5743644833564758","13","13","13"
"261499","0.5305576920509338","0.5305576920509338","0.5305576920509338","14","14","14"
"261599","0.4641152024269104","0.4641152024269104","0.4641152024269104","15","15","15"
"261699","0.4924015700817108","0.4924015700817108","0.4924015700817108","16","16","16"
"261799","0.60979825258255","0.60979825258255","0.60979825258255","17","17","17"
"261899","0.43225711584091187","0.43225711584091187","0.43225711584091187","18","18","18"
"261999","0.8278699517250061","0.8278699517250061","0.8278699517250061","19","19","19"
"262099","0.9870944619178772","0.9870944619178772","0.9870944619178772","20","20","20"
"262199","0.435505747795105","0.435505747795105","0.435505747795105","21","21","21"
"262299","7.913932800292969","7.913932800292969","7.913932800292969","22","22","22"
"262399","0.433363676071167","0.433363676071167","0.433363676071167","23","23","23"
"262499","0.5045607089996338","0.5045607089996338","0.5045607089996338","24","24","24"
"262599","0.4596320688724518","0.4596320688724518","0.4596320688724518","25","25","25"
"262699","0.4233317971229553","0.4233317971229553","0.4233317971229553","26","26","26"
"262799","0.5226496458053589","0.5226496458053589","0.5226496458053589","27","27","27"
"262899","1.6085010766983032","1.6085010766983032","1.6085010766983032","28","28","28"
"262999","0.40233898162841797","0.40233898162841797","0.40233898162841797","29","29","29"
"263099","0.5259926915168762","0.5259926915168762","0.5259926915168762","30","30","30"
"263199","0.5976413488388062","0.5976413488388062","0.5976413488388062","31","31","31"
"263299","0.48169952630996704","0.48169952630996704","0.48169952630996704","32","32","32"
"263399","0.4221295118331909","0.4221295118331909","0.4221295118331909","33","33","33"
"263499","0.5792855620384216","0.5792855620384216","0.5792855620384216","34","34","34"
"263599","0.5182751417160034","0.5182751417160034","0.5182751417160034","35","35","35"
"263699","0.4953296184539795","0.4953296184539795","0.4953296184539795","36","36","36"
"263799","0.6622516512870789","0.6622516512870789","0.6622516512870789","37","37","37"
"263899","0.493038535118103","0.493038535118103","0.493038535118103","38","38","38"
"263999","0.4786670207977295","0.4786670207977295","0.4786670207977295","39","39","39"
"264099","0.5435073971748352","0.5435073971748352","0.5435073971748352","40","40","40"
"264199","0.45954281091690063","0.45954281091690063","0.45954281091690063","41","41","41"
"264299","0.6853288412094116","0.6853288412094116","0.6853288412094116","42","42","42"
"264399","0.4937205910682678","0.4937205910682678","0.4937205910682678","43","43","43"
"264499","0.5082539319992065","0.5082539319992065","0.5082539319992065","44","44","44"
"264599","0.4785507917404175","0.4785507917404175","0.4785507917404175","45","45","45"
"264699","0.568693220615387","0.568693220615387","0.568693220615387","46","46","46"
"264799","0.4799124300479889","0.4799124300479889","0.4799124300479889","47","47","47"
"264899","0.44110557436943054","0.44110557436943054","0.44110557436943054","48","48","48"
"264999","0.4861549735069275","0.4861549735069275","0.4861549735069275","49","49","49"
"265099","0.4195231795310974","0.4195231795310974","0.4195231795310974","50","50","50"
"265199","0.474949449300766","0.474949449300766","0.474949449300766","51","51","51"
"265299","0.4783566892147064","0.4783566892147064","0.4783566892147064","52","52","52"
"265399","0.5834279656410217","0.5834279656410217","0.5834279656410217","53","53","53"
"265499","0.7114649415016174","0.7114649415016174","0.7114649415016174","54","54","54"
"265599","0.4513808786869049","0.4513808786869049","0.4513808786869049","55","55","55"
"265699","0.5210583209991455","0.5210583209991455","0.5210583209991455","56","56","56"
"265799","0.3857736885547638","0.3857736885547638","0.3857736885547638","57","57","57"
"265899","0.7230761051177979","0.7230761051177979","0.7230761051177979","58","58","58"
"265999","1.1125943660736084","1.1125943660736084","1.1125943660736084","59","59","59"
"266099","0.5389009714126587","0.5389009714126587","0.5389009714126587","60","60","60"
"266199","0.4182793200016022","0.4182793200016022","0.4182793200016022","61","61","61"
"266299","0.4486379325389862","0.4486379325389862","0.4486379325389862","62","62","62"
"266399","0.9534583687782288","0.9534583687782288","0.9534583687782288","63","63","63"
"266499","0.5444052815437317","0.5444052815437317","0.5444052815437317","64","64","64"
"266599","0.37227198481559753","0.37227198481559753","0.37227198481559753","65","65","65"
"266699","0.5037732124328613","0.5037732124328613","0.5037732124328613","66","66","66"
"266799","0.8497462868690491","0.8497462868690491","0.8497462868690491","67","67","67"
"266899","0.4707334339618683","0.4707334339618683","0.4707334339618683","68","68","68"
"266999","0.5963713526725769","0.5963713526725769","0.5963713526725769","69","69","69"
"267099","0.5827327966690063","0.5827327966690063","0.5827327966690063","70","70","70"
"267199","0.42196694016456604","0.42196694016456604","0.42196694016456604","71","71","71"
"267299","0.5379059910774231","0.5379059910774231","0.5379059910774231","72","72","72"
"267399","0.6881245970726013","0.6881245970726013","0.6881245970726013","73","73","73"
"267499","0.6325234174728394","0.6325234174728394","0.6325234174728394","74","74","74"
"267599","0.8669076561927795","0.8669076561927795","0.8669076561927795","75","75","75"
"267699","0.5025100111961365","0.5025100111961365","0.5025100111961365","76","76","76"
"267799","0.5104053020477295","0.5104053020477295","0.5104053020477295","77","77","77"
"267899","0.41774439811706543","0.41774439811706543","0.41774439811706543","78","78","78"
"267999","0.39937490224838257","0.39937490224838257","0.39937490224838257","79","79","79"
"268099","0.4471141993999481","0.4471141993999481","0.4471141993999481","80","80","80"
"268199","0.46325644850730896","0.46325644850730896","0.46325644850730896","81","81","81"
"268299","0.616507351398468","0.616507351398468","0.616507351398468","82","82","82"
"268399","0.43377700448036194","0.43377700448036194","0.43377700448036194","83","83","83"
"268499","0.49664679169654846","0.49664679169654846","0.49664679169654846","84","84","84"
"268599","0.4691644012928009","0.4691644012928009","0.4691644012928009","85","85","85"
"268699","1.108573317527771","1.108573317527771","1.108573317527771","86","86","86"
"268799","0.6046574711799622","0.6046574711799622","0.6046574711799622","87","87","87"
"268899","0.5909950137138367","0.5909950137138367","0.5909950137138367","88","88","88"
"268999","0.5035126209259033","0.5035126209259033","0.5035126209259033","89","89","89"
"269099","0.39494362473487854","0.39494362473487854","0.39494362473487854","90","90","90"
"269199","0.4809996485710144","0.4809996485710144","0.4809996485710144","91","91","91"
"269299","0.45649123191833496","0.45649123191833496","0.45649123191833496","92","92","92"
"269399","0.657686710357666","0.657686710357666","0.657686710357666","93","93","93"
"269499","0.5569120049476624","0.5569120049476624","0.5569120049476624","94","94","94"
"269599","0.6249266266822815","0.6249266266822815","0.6249266266822815","95","95","95"
"269699","0.4782460629940033","0.4782460629940033","0.4782460629940033","96","96","96"
"269799","0.5701389908790588","0.5701389908790588","0.5701389908790588","97","97","97"
"269899","0.3594537675380707","0.3594537675380707","0.3594537675380707","98","98","98"
"269999","0.5516639947891235","0.5516639947891235","0.5516639947891235","99","99","99"
"270099","0.38815027475357056","0.38815027475357056","0.38815027475357056","100","100","100"
"270199","0.6333508491516113","0.6333508491516113","0.6333508491516113","101","101","101"
"270299","0.5000550150871277","0.5000550150871277","0.5000550150871277","102","102","102"
"270399","0.4817644953727722","0.4817644953727722","0.4817644953727722","103","103","103"
"270499","0.400054395198822","0.400054395198822","0.400054395198822","104","104","104"
"270599","0.48564594984054565","0.48564594984054565","0.48564594984054565","105","105","105"
"270699","1.0290672779083252","1.0290672779083252","1.0290672779083252","106","106","106"
"270799","0.5881341099739075","0.5881341099739075","0.5881341099739075","107","107","107"
"270899","0.44390755891799927","0.44390755891799927","0.44390755891799927","108","108","108"
"270999","0.4291253387928009","0.4291253387928009","0.4291253387928009","109","109","109"
"271099","0.8592974543571472","0.8592974543571472","0.8592974543571472","110","110","110"
"271199","0.5835126042366028","0.5835126042366028","0.5835126042366028","111","111","111"
"271299","0.5019238591194153","0.5019238591194153","0.5019238591194153","112","112","112"
"271399","0.5232293605804443","0.5232293605804443","0.5232293605804443","113","113","113"
"271499","0.39276015758514404","0.39276015758514404","0.39276015758514404","114","114","114"
"271599","0.5780327916145325","0.5780327916145325","0.5780327916145325","115","115","115"
"271699","0.4838843047618866","0.4838843047618866","0.4838843047618866","116","116","116"
"271799","0.7082304954528809","0.7082304954528809","0.7082304954528809","117","117","117"
"271899","0.38881537318229675","0.38881537318229675","0.38881537318229675","118","118","118"
"271999","0.44264599680900574","0.44264599680900574","0.44264599680900574","119","119","119"
"272099","0.6132359504699707","0.6132359504699707","0.6132359504699707","120","120","120"
"272199","0.7181169390678406","0.7181169390678406","0.7181169390678406","121","121","121"
"272299","3.9563350677490234","3.9563350677490234","3.9563350677490234","122","122","122"
"272399","0.6961191892623901","0.6961191892623901","0.6961191892623901","123","123","123"
"272499","0.6618011593818665","0.6618011593818665","0.6618011593818665","124","124","124"
"272599","0.5400310754776001","0.5400310754776001","0.5400310754776001","125","125","125"
"272699","0.57928466796875","0.57928466796875","0.57928466796875","126","126","126"
"272799","0.49720725417137146","0.49720725417137146","0.49720725417137146","127","127","127"
"272899","0.4570198059082031","0.4570198059082031","0.4570198059082031","128","128","128"
"272999","0.5262120962142944","0.5262120962142944","0.5262120962142944","129","129","129"
"273099","0.4872889816761017","0.4872889816761017","0.4872889816761017","130","130","130"
"273199","0.42387959361076355","0.42387959361076355","0.42387959361076355","131","131","131"
"273299","0.5677158832550049","0.5677158832550049","0.5677158832550049","132","132","132"
"273399","0.7640914916992188","0.7640914916992188","0.7640914916992188","133","133","133"
"273499","11.660368919372559","11.660368919372559","11.660368919372559","134","134","134"
"273599","0.4370975196361542","0.4370975196361542","0.4370975196361542","135","135","135"
"273699","0.6054067015647888","0.6054067015647888","0.6054067015647888","136","136","136"
"273799","0.669342577457428","0.669342577457428","0.669342577457428","137","137","137"
"273899","1.1933767795562744","1.1933767795562744","1.1933767795562744","138","138","138"
"273999","0.3042510747909546","0.3042510747909546","0.3042510747909546","139","139","139"
"274099","0.6084386706352234","0.6084386706352234","0.6084386706352234","140","140","140"
"274199","0.41665223240852356","0.41665223240852356","0.41665223240852356","141","141","141"
"274299","0.5677749514579773","0.5677749514579773","0.5677749514579773","142","142","142"
"274399","0.4727059006690979","0.4727059006690979","0.4727059006690979","143","143","143"
"274499","0.5646648406982422","0.5646648406982422","0.5646648406982422","144","144","144"
"274599","0.5593200325965881","0.5593200325965881","0.5593200325965881","145","145","145"
"274699","0.5090299248695374","0.5090299248695374","0.5090299248695374","146","146","146"
"274799","8.942991256713867","8.942991256713867","8.942991256713867","147","147","147"
"274899","0.4095006585121155","0.4095006585121155","0.4095006585121155","148","148","148"
"274999","0.7670232057571411","0.7670232057571411","0.7670232057571411","149","149","149"
"275099","0.47188302874565125","0.47188302874565125","0.47188302874565125","150","150","150"
"275199","0.4037254750728607","0.4037254750728607","0.4037254750728607","151","151","151"
"275299","0.563444972038269","0.563444972038269","0.563444972038269","152","152","152"
"275399","0.4390951097011566","0.4390951097011566","0.4390951097011566","153","153","153"
"275499","0.40023383498191833","0.40023383498191833","0.40023383498191833","154","154","154"
"275599","0.7704584002494812","0.7704584002494812","0.7704584002494812","155","155","155"
"275699","0.5511798858642578","0.5511798858642578","0.5511798858642578","156","156","156"
"275799","0.44551271200180054","0.44551271200180054","0.44551271200180054","157","157","157"
"275899","0.49623507261276245","0.49623507261276245","0.49623507261276245","158","158","158"
"275999","0.6715205907821655","0.6715205907821655","0.6715205907821655","159","159","159"
"276099","0.5761509537696838","0.5761509537696838","0.5761509537696838","160","160","160"
"276199","0.43591073155403137","0.43591073155403137","0.43591073155403137","161","161","161"
"276299","0.4394041895866394","0.4394041895866394","0.4394041895866394","162","162","162"
"276399","0.5238146781921387","0.5238146781921387","0.5238146781921387","163","163","163"
"276499","0.7963593602180481","0.7963593602180481","0.7963593602180481","164","164","164"
"276599","0.5626892447471619","0.5626892447471619","0.5626892447471619","165","165","165"
"276699","0.8338560461997986","0.8338560461997986","0.8338560461997986","166","166","166"
"276799","0.5731219053268433","0.5731219053268433","0.5731219053268433","167","167","167"
"276899","0.5631085634231567","0.5631085634231567","0.5631085634231567","168","168","168"
"276999","0.5231568217277527","0.5231568217277527","0.5231568217277527","169","169","169"
"277099","0.5428569316864014","0.5428569316864014","0.5428569316864014","170","170","170"
"277199","0.4249117076396942","0.4249117076396942","0.4249117076396942","171","171","171"
"277299","0.5087743401527405","0.5087743401527405","0.5087743401527405","172","172","172"
"277399","0.8339638113975525","0.8339638113975525","0.8339638113975525","173","173","173"
"277499","0.6622040867805481","0.6622040867805481","0.6622040867805481","174","174","174"
"277599","0.7688573598861694","0.7688573598861694","0.7688573598861694","175","175","175"
"277699","0.57204270362854","0.57204270362854","0.57204270362854","176","176","176"
"277799","0.49759945273399353","0.49759945273399353","0.49759945273399353","177","177","177"
"277899","0.6256473064422607","0.6256473064422607","0.6256473064422607","178","178","178"
"277999","0.5489649176597595","0.5489649176597595","0.5489649176597595","179","179","179"
"278099","0.6943036317825317","0.6943036317825317","0.6943036317825317","180","180","180"
"278199","0.5359365940093994","0.5359365940093994","0.5359365940093994","181","181","181"
"278299","0.7014835476875305","0.7014835476875305","0.7014835476875305","182","182","182"
"278399","0.5172033309936523","0.5172033309936523","0.5172033309936523","183","183","183"
"278499","0.4167969822883606","0.4167969822883606","0.4167969822883606","184","184","184"
"278599","0.6627321243286133","0.6627321243286133","0.6627321243286133","185","185","185"
"278699","0.41821399331092834","0.41821399331092834","0.41821399331092834","186","186","186"
"278799","0.5697591304779053","0.5697591304779053","0.5697591304779053","187","187","187"
"278899","0.6590810418128967","0.6590810418128967","0.6590810418128967","188","188","188"
"278999","0.5488318204879761","0.5488318204879761","0.5488318204879761","189","189","189"
"279099","0.5712100863456726","0.5712100863456726","0.5712100863456726","190","190","190"
"279199","0.5652362108230591","0.5652362108230591","0.5652362108230591","191","191","191"
"279299","0.6568108201026917","0.6568108201026917","0.6568108201026917","192","192","192"
"279399","0.43152105808258057","0.43152105808258057","0.43152105808258057","193","193","193"
"279499","0.4805481731891632","0.4805481731891632","0.4805481731891632","194","194","194"
"279599","0.4586045444011688","0.4586045444011688","0.4586045444011688","195","195","195"
"279699","0.5441321134567261","0.5441321134567261","0.5441321134567261","196","196","196"
"279799","1.1736717224121094","1.1736717224121094","1.1736717224121094","197","197","197"
"279899","0.5392603874206543","0.5392603874206543","0.5392603874206543","198","198","198"
"279999","0.5305023789405823","0.5305023789405823","0.5305023789405823","199","199","199"
"280099","0.488770067691803","0.488770067691803","0.488770067691803","200","200","200"
"280199","0.8012586832046509","0.8012586832046509","0.8012586832046509","201","201","201"
"280299","0.4725375771522522","0.4725375771522522","0.4725375771522522","202","202","202"
"280399","0.5302056074142456","0.5302056074142456","0.5302056074142456","203","203","203"
"280499","0.5230940580368042","0.5230940580368042","0.5230940580368042","204","204","204"
"280599","0.8136874437332153","0.8136874437332153","0.8136874437332153","205","205","205"
"280699","0.48772040009498596","0.48772040009498596","0.48772040009498596","206","206","206"
"280799","0.6368625164031982","0.6368625164031982","0.6368625164031982","207","207","207"
"280899","0.4972548484802246","0.4972548484802246","0.4972548484802246","208","208","208"
"280999","0.4077005088329315","0.4077005088329315","0.4077005088329315","209","209","209"
"281099","0.5405119061470032","0.5405119061470032","0.5405119061470032","210","210","210"
"281199","0.6710692644119263","0.6710692644119263","0.6710692644119263","211","211","211"
"281299","0.5298076272010803","0.5298076272010803","0.5298076272010803","212","212","212"
"281399","0.46229755878448486","0.46229755878448486","0.46229755878448486","213","213","213"
"281499","0.465754896402359","0.465754896402359","0.465754896402359","214","214","214"
"281599","0.5278751254081726","0.5278751254081726","0.5278751254081726","215","215","215"
"281699","0.6720659732818604","0.6720659732818604","0.6720659732818604","216","216","216"
"281799","0.6316345930099487","0.6316345930099487","0.6316345930099487","217","217","217"
"281899","0.4212053716182709","0.4212053716182709","0.4212053716182709","218","218","218"
"281999","0.641511857509613","0.641511857509613","0.641511857509613","219","219","219"
"282099","0.9281887412071228","0.9281887412071228","0.9281887412071228","220","220","220"
"282199","0.7820745706558228","0.7820745706558228","0.7820745706558228","221","221","221"
"282299","0.4595363140106201","0.4595363140106201","0.4595363140106201","222","222","222"
"282399","0.4031406044960022","0.4031406044960022","0.4031406044960022","223","223","223"
"282499","0.4528631865978241","0.4528631865978241","0.4528631865978241","224","224","224"
"282599","0.41249963641166687","0.41249963641166687","0.41249963641166687","225","225","225"
"282699","0.5607077479362488","0.5607077479362488","0.5607077479362488","226","226","226"
"282799","0.5831480622291565","0.5831480622291565","0.5831480622291565","227","227","227"
"282899","0.43187910318374634","0.43187910318374634","0.43187910318374634","228","228","228"
"282999","0.43336793780326843","0.43336793780326843","0.43336793780326843","229","229","229"
"283099","0.5096782445907593","0.5096782445907593","0.5096782445907593","230","230","230"
"283199","0.6877995729446411","0.6877995729446411","0.6877995729446411","231","231","231"
"283299","0.584406316280365","0.584406316280365","0.584406316280365","232","232","232"
"283399","7.443637847900391","7.443637847900391","7.443637847900391","233","233","233"
"283499","0.5748002529144287","0.5748002529144287","0.5748002529144287","234","234","234"
"283599","0.772307813167572","0.772307813167572","0.772307813167572","235","235","235"
"283699","0.5430834889411926","0.5430834889411926","0.5430834889411926","236","236","236"
"283799","0.3564187288284302","0.3564187288284302","0.3564187288284302","237","237","237"
"283899","0.5055012702941895","0.5055012702941895","0.5055012702941895","238","238","238"
"283999","0.6531075239181519","0.6531075239181519","0.6531075239181519","239","239","239"
"284099","0.5137743949890137","0.5137743949890137","0.5137743949890137","240","240","240"
"284199","0.4892112612724304","0.4892112612724304","0.4892112612724304","241","241","241"
"284299","0.5349304676055908","0.5349304676055908","0.5349304676055908","242","242","242"
"284399","0.5897594094276428","0.5897594094276428","0.5897594094276428","243","243","243"
"284499","0.46616432070732117","0.46616432070732117","0.46616432070732117","244","244","244"
"284599","0.46514269709587097","0.46514269709587097","0.46514269709587097","245","245","245"
"284699","0.4665870666503906","0.4665870666503906","0.4665870666503906","246","246","246"
"284799","0.45514774322509766","0.45514774322509766","0.45514774322509766","247","247","247"
"284899","0.4545229375362396","0.4545229375362396","0.4545229375362396","248","248","248"
"284999","0.5546229481697083","0.5546229481697083","0.5546229481697083","249","249","249"
"285099","0.47298768162727356","0.47298768162727356","0.47298768162727356","250","250","250"
"285199","0.5332054495811462","0.5332054495811462","0.5332054495811462","251","251","251"
"285299","0.39621612429618835","0.39621612429618835","0.39621612429618835","252","252","252"
"285399","0.5128109455108643","0.5128109455108643","0.5128109455108643","253","253","253"
"285499","0.49369728565216064","0.49369728565216064","0.49369728565216064","254","254","254"
"285599","0.5242176651954651","0.5242176651954651","0.5242176651954651","255","255","255"
"285699","0.5604901313781738","0.5604901313781738","0.5604901313781738","256","256","256"
"285799","0.5813261270523071","0.5813261270523071","0.5813261270523071","257","257","257"
"285899","0.500022828578949","0.500022828578949","0.500022828578949","258","258","258"
"285999","0.5205206274986267","0.5205206274986267","0.5205206274986267","259","259","259"
"286099","0.7606217861175537","0.7606217861175537","0.7606217861175537","260","260","260"
"286199","0.5454269051551819","0.5454269051551819","0.5454269051551819","261","261","261"
"286299","0.5509216785430908","0.5509216785430908","0.5509216785430908","262","262","262"
"286399","0.5906392931938171","0.5906392931938171","0.5906392931938171","263","263","263"
"286499","0.476634681224823","0.476634681224823","0.476634681224823","264","264","264"
"286599","0.5518065094947815","0.5518065094947815","0.5518065094947815","265","265","265"
"286699","0.4490746259689331","0.4490746259689331","0.4490746259689331","266","266","266"
"286799","0.48820605874061584","0.48820605874061584","0.48820605874061584","267","267","267"
"286899","0.5858243703842163","0.5858243703842163","0.5858243703842163","268","268","268"
"286999","0.448039174079895","0.448039174079895","0.448039174079895","269","269","269"
"287099","0.866047203540802","0.866047203540802","0.866047203540802","270","270","270"
"287199","0.35856372117996216","0.35856372117996216","0.35856372117996216","271","271","271"
"287299","0.5897498726844788","0.5897498726844788","0.5897498726844788","272","272","272"
"287399","0.4107827842235565","0.4107827842235565","0.4107827842235565","273","273","273"
"287499","0.4856835901737213","0.4856835901737213","0.4856835901737213","274","274","274"
"287599","0.47931110858917236","0.47931110858917236","0.47931110858917236","275","275","275"
"287699","0.5206577777862549","0.5206577777862549","0.5206577777862549","276","276","276"
"287799","0.5057068467140198","0.5057068467140198","0.5057068467140198","277","277","277"
"287899","0.8219605684280396","0.8219605684280396","0.8219605684280396","278","278","278"
"287999","0.6672897338867188","0.6672897338867188","0.6672897338867188","279","279","279"
"288099","1.1093354225158691","1.1093354225158691","1.1093354225158691","280","280","280"
"288199","0.5249199867248535","0.5249199867248535","0.5249199867248535","281","281","281"
"288299","0.3931286334991455","0.3931286334991455","0.3931286334991455","282","282","282"
"288399","0.4669035077095032","0.4669035077095032","0.4669035077095032","283","283","283"
"288499","0.4127201735973358","0.4127201735973358","0.4127201735973358","284","284","284"
"288599","0.41804981231689453","0.41804981231689453","0.41804981231689453","285","285","285"
"288699","1.0999048948287964","1.0999048948287964","1.0999048948287964","286","286","286"
"288799","0.583702802658081","0.583702802658081","0.583702802658081","287","287","287"
"288899","0.41768625378608704","0.41768625378608704","0.41768625378608704","288","288","288"
"288999","0.48665058612823486","0.48665058612823486","0.48665058612823486","289","289","289"
"289099","0.48391658067703247","0.48391658067703247","0.48391658067703247","290","290","290"
"289199","0.49663016200065613","0.49663016200065613","0.49663016200065613","291","291","291"
"289299","0.5506025552749634","0.5506025552749634","0.5506025552749634","292","292","292"
"289399","0.5537311434745789","0.5537311434745789","0.5537311434745789","293","293","293"
"289499","0.40446555614471436","0.40446555614471436","0.40446555614471436","294","294","294"
"289599","0.5347225666046143","0.5347225666046143","0.5347225666046143","295","295","295"
"289699","0.4675746262073517","0.4675746262073517","0.4675746262073517","296","296","296"
"289799","0.6066986322402954","0.6066986322402954","0.6066986322402954","297","297","297"
"289899","0.5697610974311829","0.5697610974311829","0.5697610974311829","298","298","298"
"289999","0.6379867196083069","0.6379867196083069","0.6379867196083069","299","299","299"
"290099","0.4745660722255707","0.4745660722255707","0.4745660722255707","300","300","300"
"290199","0.5290251970291138","0.5290251970291138","0.5290251970291138","301","301","301"
"290299","0.4152258336544037","0.4152258336544037","0.4152258336544037","302","302","302"
"290399","0.48864030838012695","0.48864030838012695","0.48864030838012695","303","303","303"
"290499","0.4726297855377197","0.4726297855377197","0.4726297855377197","304","304","304"
"290599","0.43366092443466187","0.43366092443466187","0.43366092443466187","305","305","305"
"290699","0.4556933641433716","0.4556933641433716","0.4556933641433716","306","306","306"
"290799","1.0067623853683472","1.0067623853683472","1.0067623853683472","307","307","307"
"290899","0.5979743599891663","0.5979743599891663","0.5979743599891663","308","308","308"
"290999","0.43400683999061584","0.43400683999061584","0.43400683999061584","309","309","309"
"291099","0.5931994915008545","0.5931994915008545","0.5931994915008545","310","310","310"
"291199","0.506774365901947","0.506774365901947","0.506774365901947","311","311","311"
"291299","0.5916298627853394","0.5916298627853394","0.5916298627853394","312","312","312"
"291399","0.49787354469299316","0.49787354469299316","0.49787354469299316","313","313","313"
"291499","0.5433268547058105","0.5433268547058105","0.5433268547058105","314","314","314"
"291599","0.41743046045303345","0.41743046045303345","0.41743046045303345","315","315","315"
"291699","0.44541865587234497","0.44541865587234497","0.44541865587234497","316","316","316"
"291799","0.5380873084068298","0.5380873084068298","0.5380873084068298","317","317","317"
"291899","0.7354738712310791","0.7354738712310791","0.7354738712310791","318","318","318"
"291999","0.41955050826072693","0.41955050826072693","0.41955050826072693","319","319","319"
"292099","0.34453338384628296","0.34453338384628296","0.34453338384628296","320","320","320"
"292199","0.5697280764579773","0.5697280764579773","0.5697280764579773","321","321","321"
"292299","0.5268968343734741","0.5268968343734741","0.5268968343734741","322","322","322"
"292399","0.3571411371231079","0.3571411371231079","0.3571411371231079","323","323","323"
"292499","0.4658040702342987","0.4658040702342987","0.4658040702342987","324","324","324"
"292599","0.4960651993751526","0.4960651993751526","0.4960651993751526","325","325","325"
"292699","0.5695940852165222","0.5695940852165222","0.5695940852165222","326","326","326"
"292799","0.4408532679080963","0.4408532679080963","0.4408532679080963","327","327","327"
"292899","0.5458858609199524","0.5458858609199524","0.5458858609199524","328","328","328"
"292999","0.40107786655426025","0.40107786655426025","0.40107786655426025","329","329","329"
"293099","0.4584032893180847","0.4584032893180847","0.4584032893180847","330","330","330"
"293199","0.5825008153915405","0.5825008153915405","0.5825008153915405","331","331","331"
"293299","0.595717191696167","0.595717191696167","0.595717191696167","332","332","332"
"293399","0.5789219737052917","0.5789219737052917","0.5789219737052917","333","333","333"
"293499","0.457681804895401","0.457681804895401","0.457681804895401","334","334","334"
"293599","0.42548829317092896","0.42548829317092896","0.42548829317092896","335","335","335"
"293699","0.4349786937236786","0.4349786937236786","0.4349786937236786","336","336","336"
"293799","0.4628904163837433","0.4628904163837433","0.4628904163837433","337","337","337"
"293899","0.42888808250427246","0.42888808250427246","0.42888808250427246","338","338","338"
"293999","0.4347401261329651","0.4347401261329651","0.4347401261329651","339","339","339"
"294099","0.9170660376548767","0.9170660376548767","0.9170660376548767","340","340","340"
"294199","0.6472094655036926","0.6472094655036926","0.6472094655036926","341","341","341"
"294299","0.6555491089820862","0.6555491089820862","0.6555491089820862","342","342","342"
"294399","0.47124335169792175","0.47124335169792175","0.47124335169792175","343","343","343"
"294499","0.5236779451370239","0.5236779451370239","0.5236779451370239","344","344","344"
"294599","0.5458941459655762","0.5458941459655762","0.5458941459655762","345","345","345"
"294699","0.8212240934371948","0.8212240934371948","0.8212240934371948","346","346","346"
"294799","0.7097850441932678","0.7097850441932678","0.7097850441932678","347","347","347"
"294899","0.526645839214325","0.526645839214325","0.526645839214325","348","348","348"
"294999","0.4807952642440796","0.4807952642440796","0.4807952642440796","349","349","349"
"295099","0.5791142582893372","0.5791142582893372","0.5791142582893372","350","350","350"
"295199","0.5269272327423096","0.5269272327423096","0.5269272327423096","351","351","351"
"295299","0.5791105031967163","0.5791105031967163","0.5791105031967163","352","352","352"
"295399","0.5131985545158386","0.5131985545158386","0.5131985545158386","353","353","353"
"295499","0.4144532084465027","0.4144532084465027","0.4144532084465027","354","354","354"
"295599","0.4707334637641907","0.4707334637641907","0.4707334637641907","355","355","355"
"295699","0.5825145244598389","0.5825145244598389","0.5825145244598389","356","356","356"
"295799","0.44692695140838623","0.44692695140838623","0.44692695140838623","357","357","357"
"295899","0.42930617928504944","0.42930617928504944","0.42930617928504944","358","358","358"
"295999","0.49991047382354736","0.49991047382354736","0.49991047382354736","359","359","359"
"296099","0.46317124366760254","0.46317124366760254","0.46317124366760254","360","360","360"
"296199","0.6641634106636047","0.6641634106636047","0.6641634106636047","361","361","361"
"296299","0.77721107006073","0.77721107006073","0.77721107006073","362","362","362"
"296399","0.5107475519180298","0.5107475519180298","0.5107475519180298","363","363","363"
"296499","0.5438194870948792","0.5438194870948792","0.5438194870948792","364","364","364"
"296599","0.4603566825389862","0.4603566825389862","0.4603566825389862","365","365","365"
"296699","1.032898187637329","1.032898187637329","1.032898187637329","366","366","366"
"296799","0.465689480304718","0.465689480304718","0.465689480304718","367","367","367"
"296899","0.518083393573761","0.518083393573761","0.518083393573761","368","368","368"
"296999","0.41606682538986206","0.41606682538986206","0.41606682538986206","369","369","369"
"297099","0.3904244005680084","0.3904244005680084","0.3904244005680084","370","370","370"
"297199","0.553396463394165","0.553396463394165","0.553396463394165","371","371","371"
"297299","0.4657764434814453","0.4657764434814453","0.4657764434814453","372","372","372"
"297399","0.6458879113197327","0.6458879113197327","0.6458879113197327","373","373","373"
"297499","0.44146111607551575","0.44146111607551575","0.44146111607551575","374","374","374"
"297599","0.4773704409599304","0.4773704409599304","0.4773704409599304","375","375","375"
"297699","0.4828869104385376","0.4828869104385376","0.4828869104385376","376","376","376"
"297799","1.4581369161605835","1.4581369161605835","1.4581369161605835","377","377","377"
"297899","0.5254138708114624","0.5254138708114624","0.5254138708114624","378","378","378"
"297999","0.33893442153930664","0.33893442153930664","0.33893442153930664","379","379","379"
"298099","0.5220330953598022","0.5220330953598022","0.5220330953598022","380","380","380"
"298199","0.6260347962379456","0.6260347962379456","0.6260347962379456","381","381","381"
"298299","0.48791825771331787","0.48791825771331787","0.48791825771331787","382","382","382"
"298399","0.5444235801696777","0.5444235801696777","0.5444235801696777","383","383","383"
"298499","0.4054010212421417","0.4054010212421417","0.4054010212421417","384","384","384"
"298599","0.4983890652656555","0.4983890652656555","0.4983890652656555","385","385","385"
"298699","0.49958789348602295","0.49958789348602295","0.49958789348602295","386","386","386"
"298799","0.5018585920333862","0.5018585920333862","0.5018585920333862","387","387","387"
"298899","0.5687088370323181","0.5687088370323181","0.5687088370323181","388","388","388"
"298999","0.45388153195381165","0.45388153195381165","0.45388153195381165","389","389","389"
"299099","0.5245528817176819","0.5245528817176819","0.5245528817176819","390","390","390"
"299199","0.7738985419273376","0.7738985419273376","0.7738985419273376","391","391","391"
"299299","0.619642972946167","0.619642972946167","0.619642972946167","392","392","392"
"299399","0.4182318150997162","0.4182318150997162","0.4182318150997162","393","393","393"
"299499","0.6179929971694946","0.6179929971694946","0.6179929971694946","394","394","394"
"299599","0.5022571086883545","0.5022571086883545","0.5022571086883545","395","395","395"
"299699","0.4338913559913635","0.4338913559913635","0.4338913559913635","396","396","396"
"299799","0.4810665249824524","0.4810665249824524","0.4810665249824524","397","397","397"
"299899","0.4939480721950531","0.4939480721950531","0.4939480721950531","398","398","398"
"299999","0.47519171237945557","0.47519171237945557","0.47519171237945557","399","399","399"
"300099","0.6014135479927063","0.6014135479927063","0.6014135479927063","400","400","400"
"300199","0.4463290572166443","0.4463290572166443","0.4463290572166443","401","401","401"
"300299","0.4903566539287567","0.4903566539287567","0.4903566539287567","402","402","402"
"300399","0.8821209669113159","0.8821209669113159","0.8821209669113159","403","403","403"
"300499","0.5999234318733215","0.5999234318733215","0.5999234318733215","404","404","404"
"300599","0.41807985305786133","0.41807985305786133","0.41807985305786133","405","405","405"
"300699","0.5386497378349304","0.5386497378349304","0.5386497378349304","406","406","406"
"300799","0.5762996077537537","0.5762996077537537","0.5762996077537537","407","407","407"
"300899","2.2152857780456543","2.2152857780456543","2.2152857780456543","408","408","408"
"300999","0.5563317537307739","0.5563317537307739","0.5563317537307739","409","409","409"
"301099","0.5359221696853638","0.5359221696853638","0.5359221696853638","410","410","410"
"301199","0.5051683187484741","0.5051683187484741","0.5051683187484741","411","411","411"
"301299","0.5511338114738464","0.5511338114738464","0.5511338114738464","412","412","412"
"301399","0.9625333547592163","0.9625333547592163","0.9625333547592163","413","413","413"
"301499","0.5404068231582642","0.5404068231582642","0.5404068231582642","414","414","414"
"301599","0.5232701301574707","0.5232701301574707","0.5232701301574707","415","415","415"
"301699","0.441633939743042","0.441633939743042","0.441633939743042","416","416","416"
"301799","0.5807765126228333","0.5807765126228333","0.5807765126228333","417","417","417"
"301899","0.4628298580646515","0.4628298580646515","0.4628298580646515","418","418","418"
"301999","0.5396556854248047","0.5396556854248047","0.5396556854248047","419","419","419"
"302099","0.5211853981018066","0.5211853981018066","0.5211853981018066","420","420","420"
"302199","0.42588990926742554","0.42588990926742554","0.42588990926742554","421","421","421"
"302299","0.51835036277771","0.51835036277771","0.51835036277771","422","422","422"
"302399","0.4476878046989441","0.4476878046989441","0.4476878046989441","423","423","423"
"302499","0.5305827856063843","0.5305827856063843","0.5305827856063843","424","424","424"
"302599","0.47890952229499817","0.47890952229499817","0.47890952229499817","425","425","425"
"302699","0.5388779640197754","0.5388779640197754","0.5388779640197754","426","426","426"
"302799","0.9128798842430115","0.9128798842430115","0.9128798842430115","427","427","427"
"302899","0.5303972363471985","0.5303972363471985","0.5303972363471985","428","428","428"
"302999","0.6153979301452637","0.6153979301452637","0.6153979301452637","429","429","429"
"303099","0.5412018895149231","0.5412018895149231","0.5412018895149231","430","430","430"
"303199","0.4613726735115051","0.4613726735115051","0.4613726735115051","431","431","431"
"303299","0.4182256758213043","0.4182256758213043","0.4182256758213043","432","432","432"
"303399","0.5774793028831482","0.5774793028831482","0.5774793028831482","433","433","433"
"303499","0.7590838074684143","0.7590838074684143","0.7590838074684143","434","434","434"
"303599","0.5167714953422546","0.5167714953422546","0.5167714953422546","435","435","435"
"303699","0.5235108733177185","0.5235108733177185","0.5235108733177185","436","436","436"
"303799","0.51651930809021","0.51651930809021","0.51651930809021","437","437","437"
"303899","0.37523871660232544","0.37523871660232544","0.37523871660232544","438","438","438"
"303999","0.5669623613357544","0.5669623613357544","0.5669623613357544","439","439","439"
"304099","0.5326246023178101","0.5326246023178101","0.5326246023178101","440","440","440"
"304199","1.2770631313323975","1.2770631313323975","1.2770631313323975","441","441","441"
"304299","0.5416817665100098","0.5416817665100098","0.5416817665100098","442","442","442"
"304399","0.46877947449684143","0.46877947449684143","0.46877947449684143","443","443","443"
"304499","0.4738698899745941","0.4738698899745941","0.4738698899745941","444","444","444"
"304599","0.5000855326652527","0.5000855326652527","0.5000855326652527","445","445","445"
"304699","0.5116024613380432","0.5116024613380432","0.5116024613380432","446","446","446"
"304799","0.43925127387046814","0.43925127387046814","0.43925127387046814","447","447","447"
"304899","0.44331660866737366","0.44331660866737366","0.44331660866737366","448","448","448"
"304999","0.39824432134628296","0.39824432134628296","0.39824432134628296","449","449","449"
"305099","0.6164255738258362","0.6164255738258362","0.6164255738258362","450","450","450"
"305199","0.5523215532302856","0.5523215532302856","0.5523215532302856","451","451","451"
"305299","0.5797135829925537","0.5797135829925537","0.5797135829925537","452","452","452"
"305399","0.6806297898292542","0.6806297898292542","0.6806297898292542","453","453","453"
"305499","0.4143308103084564","0.4143308103084564","0.4143308103084564","454","454","454"
"305599","0.5006328821182251","0.5006328821182251","0.5006328821182251","455","455","455"
"305699","0.4340462386608124","0.4340462386608124","0.4340462386608124","456","456","456"
"305799","0.6799108386039734","0.6799108386039734","0.6799108386039734","457","457","457"
"305899","0.5651805996894836","0.5651805996894836","0.5651805996894836","458","458","458"
"305999","0.5362250208854675","0.5362250208854675","0.5362250208854675","459","459","459"
"306099","1.2728667259216309","1.2728667259216309","1.2728667259216309","460","460","460"
"306199","1.0124478340148926","1.0124478340148926","1.0124478340148926","461","461","461"
"306299","0.3929097056388855","0.3929097056388855","0.3929097056388855","462","462","462"
"306399","0.4797686040401459","0.4797686040401459","0.4797686040401459","463","463","463"
"306499","0.9605212807655334","0.9605212807655334","0.9605212807655334","464","464","464"
"306599","0.5915653109550476","0.5915653109550476","0.5915653109550476","465","465","465"
"306699","0.5316476821899414","0.5316476821899414","0.5316476821899414","466","466","466"
"306799","0.41045159101486206","0.41045159101486206","0.41045159101486206","467","467","467"
"306899","0.450386106967926","0.450386106967926","0.450386106967926","468","468","468"
"306999","0.6745210886001587","0.6745210886001587","0.6745210886001587","469","469","469"
"307099","0.4172671437263489","0.4172671437263489","0.4172671437263489","470","470","470"
"307199","0.5034323334693909","0.5034323334693909","0.5034323334693909","471","471","471"
"307299","0.46257954835891724","0.46257954835891724","0.46257954835891724","472","472","472"
"307399","0.5483936667442322","0.5483936667442322","0.5483936667442322","473","473","473"
"307499","0.5112977027893066","0.5112977027893066","0.5112977027893066","474","474","474"
"307599","0.4218263626098633","0.4218263626098633","0.4218263626098633","475","475","475"
"307699","0.7130767107009888","0.7130767107009888","0.7130767107009888","476","476","476"
"307799","0.5989251732826233","0.5989251732826233","0.5989251732826233","477","477","477"
"307899","0.5464352965354919","0.5464352965354919","0.5464352965354919","478","478","478"
"307999","0.4264542758464813","0.4264542758464813","0.4264542758464813","479","479","479"
"308099","0.6952513456344604","0.6952513456344604","0.6952513456344604","480","480","480"
"308199","0.6988642811775208","0.6988642811775208","0.6988642811775208","481","481","481"
"308299","0.47888243198394775","0.47888243198394775","0.47888243198394775","482","482","482"
"308399","0.5724869966506958","0.5724869966506958","0.5724869966506958","483","483","483"
"308499","0.47055426239967346","0.47055426239967346","0.47055426239967346","484","484","484"
"308599","0.47013363242149353","0.47013363242149353","0.47013363242149353","485","485","485"
"308699","0.45911654829978943","0.45911654829978943","0.45911654829978943","486","486","486"
"308799","0.5417124629020691","0.5417124629020691","0.5417124629020691","487","487","487"
"308899","0.5762965679168701","0.5762965679168701","0.5762965679168701","488","488","488"
"308999","0.5480050444602966","0.5480050444602966","0.5480050444602966","489","489","489"
"309099","0.40776973962783813","0.40776973962783813","0.40776973962783813","490","490","490"
"309199","0.42458611726760864","0.42458611726760864","0.42458611726760864","491","491","491"
"309299","0.5223397612571716","0.5223397612571716","0.5223397612571716","492","492","492"
"309399","0.5363790988922119","0.5363790988922119","0.5363790988922119","493","493","493"
"309499","0.6777294874191284","0.6777294874191284","0.6777294874191284","494","494","494"
"309599","0.5007935762405396","0.5007935762405396","0.5007935762405396","495","495","495"
"309699","0.4517447054386139","0.4517447054386139","0.4517447054386139","496","496","496"
"309799","0.5539447665214539","0.5539447665214539","0.5539447665214539","497","497","497"
"309899","0.4529815912246704","0.4529815912246704","0.4529815912246704","498","498","498"
"309999","0.5396560430526733","0.5396560430526733","0.5396560430526733","499","499","499"
"310099","0.4886524975299835","0.4886524975299835","0.4886524975299835","500","500","500"
"310199","0.6987553834915161","0.6987553834915161","0.6987553834915161","501","501","501"
"310299","0.8145133256912231","0.8145133256912231","0.8145133256912231","502","502","502"
"310399","6.008950710296631","6.008950710296631","6.008950710296631","503","503","503"
"310499","0.665235161781311","0.665235161781311","0.665235161781311","504","504","504"
"310599","0.4976765215396881","0.4976765215396881","0.4976765215396881","505","505","505"
"310699","0.6918104290962219","0.6918104290962219","0.6918104290962219","506","506","506"
"310799","0.6240391731262207","0.6240391731262207","0.6240391731262207","507","507","507"
"310899","0.5291930437088013","0.5291930437088013","0.5291930437088013","508","508","508"
"310999","0.5732100605964661","0.5732100605964661","0.5732100605964661","509","509","509"
"311099","0.4857049882411957","0.4857049882411957","0.4857049882411957","510","510","510"
"311199","0.4263390302658081","0.4263390302658081","0.4263390302658081","511","511","511"
"311299","0.5017437934875488","0.5017437934875488","0.5017437934875488","512","512","512"
"311399","0.5793007016181946","0.5793007016181946","0.5793007016181946","513","513","513"
"311499","0.3877529799938202","0.3877529799938202","0.3877529799938202","514","514","514"
"311599","0.4849785268306732","0.4849785268306732","0.4849785268306732","515","515","515"
"311699","0.9187269806861877","0.9187269806861877","0.9187269806861877","516","516","516"
"311799","0.5576791167259216","0.5576791167259216","0.5576791167259216","517","517","517"
"311899","0.46482744812965393","0.46482744812965393","0.46482744812965393","518","518","518"
"311999","0.5332295298576355","0.5332295298576355","0.5332295298576355","519","519","519"
"312099","0.6594923138618469","0.6594923138618469","0.6594923138618469","520","520","520"
"312199","0.49536997079849243","0.49536997079849243","0.49536997079849243","521","521","521"
"312299","0.39157360792160034","0.39157360792160034","0.39157360792160034","522","522","522"
"312399","0.47269290685653687","0.47269290685653687","0.47269290685653687","523","523","523"
"312499","0.9339514374732971","0.9339514374732971","0.9339514374732971","524","524","524"
"312599","1.5920379161834717","1.5920379161834717","1.5920379161834717","525","525","525"
"312699","0.6701606512069702","0.6701606512069702","0.6701606512069702","526","526","526"
"312799","0.4660923480987549","0.4660923480987549","0.4660923480987549","527","527","527"
"312899","0.4889783263206482","0.4889783263206482","0.4889783263206482","528","528","528"
"312999","0.5137178897857666","0.5137178897857666","0.5137178897857666","529","529","529"
"313099","0.5090426206588745","0.5090426206588745","0.5090426206588745","530","530","530"
"313199","0.46252304315567017","0.46252304315567017","0.46252304315567017","531","531","531"
"313299","0.8340572118759155","0.8340572118759155","0.8340572118759155","532","532","532"
"313399","0.4983249306678772","0.4983249306678772","0.4983249306678772","533","533","533"
"313499","0.5102246403694153","0.5102246403694153","0.5102246403694153","534","534","534"
"313599","0.5954570174217224","0.5954570174217224","0.5954570174217224","535","535","535"
"313699","0.5039992928504944","0.5039992928504944","0.5039992928504944","536","536","536"
"313799","0.5807013511657715","0.5807013511657715","0.5807013511657715","537","537","537"
"313899","1.1383423805236816","1.1383423805236816","1.1383423805236816","538","538","538"
"313999","0.4968484938144684","0.4968484938144684","0.4968484938144684","539","539","539"
"314099","0.5767949223518372","0.5767949223518372","0.5767949223518372","540","540","540"
"314199","0.5327305197715759","0.5327305197715759","0.5327305197715759","541","541","541"
"314299","0.519787073135376","0.519787073135376","0.519787073135376","542","542","542"
"314399","0.6601030230522156","0.6601030230522156","0.6601030230522156","543","543","543"
"314499","0.531587541103363","0.531587541103363","0.531587541103363","544","544","544"
"314599","0.46562430262565613","0.46562430262565613","0.46562430262565613","545","545","545"
"314699","0.5300483107566833","0.5300483107566833","0.5300483107566833","546","546","546"
"314799","0.3827521800994873","0.3827521800994873","0.3827521800994873","547","547","547"
"314899","0.6474659442901611","0.6474659442901611","0.6474659442901611","548","548","548"
"314999","0.4095337688922882","0.4095337688922882","0.4095337688922882","549","549","549"
"315099","0.6115657687187195","0.6115657687187195","0.6115657687187195","550","550","550"
"315199","0.6044532060623169","0.6044532060623169","0.6044532060623169","551","551","551"