"trainer/global_step","optimal_pt1 - train_loss","optimal_pt1 - train_loss__MIN","optimal_pt1 - train_loss__MAX","optimal_pt1 - _step","optimal_pt1 - _step__MIN","optimal_pt1 - _step__MAX"
"99","0.25255128741264343","0.25255128741264343","0.25255128741264343","0","0","0"
"199","0.23155029118061066","0.23155029118061066","0.23155029118061066","1","1","1"
"299","0.22405879199504852","0.22405879199504852","0.22405879199504852","2","2","2"
"399","0.21987876296043396","0.21987876296043396","0.21987876296043396","3","3","3"
"499","0.203372061252594","0.203372061252594","0.203372061252594","4","4","4"
"599","0.2029285430908203","0.2029285430908203","0.2029285430908203","5","5","5"
"699","0.20348627865314484","0.20348627865314484","0.20348627865314484","6","6","6"
"799","0.19499416649341583","0.19499416649341583","0.19499416649341583","7","7","7"
"899","0.19395437836647034","0.19395437836647034","0.19395437836647034","8","8","8"
"999","0.20012760162353516","0.20012760162353516","0.20012760162353516","9","9","9"
"1099","0.19623810052871704","0.19623810052871704","0.19623810052871704","10","10","10"
"1199","0.1903558075428009","0.1903558075428009","0.1903558075428009","11","11","11"
"1299","0.1964770257472992","0.1964770257472992","0.1964770257472992","12","12","12"
"1399","0.19684381783008575","0.19684381783008575","0.19684381783008575","13","13","13"
"1499","0.18389007449150085","0.18389007449150085","0.18389007449150085","14","14","14"
"1599","0.1947203278541565","0.1947203278541565","0.1947203278541565","15","15","15"
"1699","0.1883540004491806","0.1883540004491806","0.1883540004491806","16","16","16"
"1799","0.2034147083759308","0.2034147083759308","0.2034147083759308","17","17","17"
"1899","0.18113580346107483","0.18113580346107483","0.18113580346107483","18","18","18"
"1999","0.1799027919769287","0.1799027919769287","0.1799027919769287","19","19","19"
"2099","0.18394343554973602","0.18394343554973602","0.18394343554973602","20","20","20"
"2199","0.1805967390537262","0.1805967390537262","0.1805967390537262","21","21","21"
"2299","0.19390292465686798","0.19390292465686798","0.19390292465686798","22","22","22"
"2399","0.1800338327884674","0.1800338327884674","0.1800338327884674","23","23","23"
"2499","0.17733809351921082","0.17733809351921082","0.17733809351921082","24","24","24"
"2599","0.17497168481349945","0.17497168481349945","0.17497168481349945","25","25","25"
"2699","0.18704839050769806","0.18704839050769806","0.18704839050769806","26","26","26"
"2799","0.1803998202085495","0.1803998202085495","0.1803998202085495","27","27","27"
"2899","0.18474212288856506","0.18474212288856506","0.18474212288856506","28","28","28"
"2999","0.1780930757522583","0.1780930757522583","0.1780930757522583","29","29","29"
"3099","0.1658037155866623","0.1658037155866623","0.1658037155866623","30","30","30"
"3199","0.1799401491880417","0.1799401491880417","0.1799401491880417","31","31","31"
"3299","0.17879466712474823","0.17879466712474823","0.17879466712474823","32","32","32"
"3399","0.17830917239189148","0.17830917239189148","0.17830917239189148","33","33","33"
"3499","0.1720196008682251","0.1720196008682251","0.1720196008682251","34","34","34"
"3599","0.1747194081544876","0.1747194081544876","0.1747194081544876","35","35","35"
"3699","0.1668325960636139","0.1668325960636139","0.1668325960636139","36","36","36"
"3799","0.1698341816663742","0.1698341816663742","0.1698341816663742","37","37","37"
"3899","0.17664089798927307","0.17664089798927307","0.17664089798927307","38","38","38"
"3999","0.17006513476371765","0.17006513476371765","0.17006513476371765","39","39","39"
"4099","0.171953484416008","0.171953484416008","0.171953484416008","40","40","40"
"4199","0.17551086843013763","0.17551086843013763","0.17551086843013763","41","41","41"
"4299","0.18427841365337372","0.18427841365337372","0.18427841365337372","42","42","42"
"4399","0.18650664389133453","0.18650664389133453","0.18650664389133453","43","43","43"
"4499","0.17184433341026306","0.17184433341026306","0.17184433341026306","44","44","44"
"4599","0.16675223410129547","0.16675223410129547","0.16675223410129547","45","45","45"
"4699","0.16637028753757477","0.16637028753757477","0.16637028753757477","46","46","46"
"4799","0.17405085265636444","0.17405085265636444","0.17405085265636444","47","47","47"
"4899","0.18175870180130005","0.18175870180130005","0.18175870180130005","48","48","48"
"4999","0.16617269814014435","0.16617269814014435","0.16617269814014435","49","49","49"
"5099","0.18007832765579224","0.18007832765579224","0.18007832765579224","50","50","50"
"5199","0.17886468768119812","0.17886468768119812","0.17886468768119812","51","51","51"
"5299","0.17463761568069458","0.17463761568069458","0.17463761568069458","52","52","52"
"5399","0.17033439874649048","0.17033439874649048","0.17033439874649048","53","53","53"
"5499","0.17645540833473206","0.17645540833473206","0.17645540833473206","54","54","54"
"5599","0.1698332279920578","0.1698332279920578","0.1698332279920578","55","55","55"
"5699","0.1606474667787552","0.1606474667787552","0.1606474667787552","56","56","56"
"5799","0.17605756223201752","0.17605756223201752","0.17605756223201752","57","57","57"
"5899","0.17507924139499664","0.17507924139499664","0.17507924139499664","58","58","58"
"5999","0.17281045019626617","0.17281045019626617","0.17281045019626617","59","59","59"
"6099","0.18544508516788483","0.18544508516788483","0.18544508516788483","60","60","60"
"6199","0.18522503972053528","0.18522503972053528","0.18522503972053528","61","61","61"
"6299","0.17181351780891418","0.17181351780891418","0.17181351780891418","62","62","62"
"6399","0.17519062757492065","0.17519062757492065","0.17519062757492065","63","63","63"
"6499","0.17004135251045227","0.17004135251045227","0.17004135251045227","64","64","64"
"6599","0.1766330599784851","0.1766330599784851","0.1766330599784851","65","65","65"
"6699","0.17184056341648102","0.17184056341648102","0.17184056341648102","66","66","66"
"6799","0.1715640276670456","0.1715640276670456","0.1715640276670456","67","67","67"
"6899","0.17464832961559296","0.17464832961559296","0.17464832961559296","68","68","68"
"6999","0.1761990338563919","0.1761990338563919","0.1761990338563919","69","69","69"
"7099","0.15843185782432556","0.15843185782432556","0.15843185782432556","70","70","70"
"7199","0.17332352697849274","0.17332352697849274","0.17332352697849274","71","71","71"
"7299","0.17045217752456665","0.17045217752456665","0.17045217752456665","72","72","72"
"7399","0.17132163047790527","0.17132163047790527","0.17132163047790527","73","73","73"
"7499","0.17082254588603973","0.17082254588603973","0.17082254588603973","74","74","74"
"7599","0.1725238710641861","0.1725238710641861","0.1725238710641861","75","75","75"
"7699","0.16811710596084595","0.16811710596084595","0.16811710596084595","76","76","76"
"7799","0.17118841409683228","0.17118841409683228","0.17118841409683228","77","77","77"
"7899","0.16935668885707855","0.16935668885707855","0.16935668885707855","78","78","78"
"7999","0.16859711706638336","0.16859711706638336","0.16859711706638336","79","79","79"
"8099","0.16519047319889069","0.16519047319889069","0.16519047319889069","80","80","80"
"8199","0.1705079823732376","0.1705079823732376","0.1705079823732376","81","81","81"
"8299","0.17064057290554047","0.17064057290554047","0.17064057290554047","82","82","82"
"8399","0.18069735169410706","0.18069735169410706","0.18069735169410706","83","83","83"
"8499","0.17203755676746368","0.17203755676746368","0.17203755676746368","84","84","84"
"8599","0.17062440514564514","0.17062440514564514","0.17062440514564514","85","85","85"
"8699","0.1771315187215805","0.1771315187215805","0.1771315187215805","86","86","86"
"8799","0.17531336843967438","0.17531336843967438","0.17531336843967438","87","87","87"
"8899","0.1767912060022354","0.1767912060022354","0.1767912060022354","88","88","88"
"8999","0.17367522418498993","0.17367522418498993","0.17367522418498993","89","89","89"
"9099","0.1668909341096878","0.1668909341096878","0.1668909341096878","90","90","90"
"9199","0.1713314652442932","0.1713314652442932","0.1713314652442932","91","91","91"
"9299","0.17431391775608063","0.17431391775608063","0.17431391775608063","92","92","92"
"9399","0.17292934656143188","0.17292934656143188","0.17292934656143188","93","93","93"
"9499","0.17386896908283234","0.17386896908283234","0.17386896908283234","94","94","94"
"9599","0.16654790937900543","0.16654790937900543","0.16654790937900543","95","95","95"
"9699","0.16834981739521027","0.16834981739521027","0.16834981739521027","96","96","96"
"9799","0.16634303331375122","0.16634303331375122","0.16634303331375122","97","97","97"
"9899","0.1655215471982956","0.1655215471982956","0.1655215471982956","98","98","98"
"9999","0.1648070067167282","0.1648070067167282","0.1648070067167282","99","99","99"
"10099","0.16867168247699738","0.16867168247699738","0.16867168247699738","100","100","100"
"10199","0.16895315051078796","0.16895315051078796","0.16895315051078796","101","101","101"
"10299","0.17164404690265656","0.17164404690265656","0.17164404690265656","102","102","102"
"10399","0.17009547352790833","0.17009547352790833","0.17009547352790833","103","103","103"
"10499","0.1639138013124466","0.1639138013124466","0.1639138013124466","104","104","104"
"10599","0.16661337018013","0.16661337018013","0.16661337018013","105","105","105"
"10699","0.17036651074886322","0.17036651074886322","0.17036651074886322","106","106","106"
"10799","0.1553410142660141","0.1553410142660141","0.1553410142660141","107","107","107"
"10899","0.17352314293384552","0.17352314293384552","0.17352314293384552","108","108","108"
"10999","0.16536061465740204","0.16536061465740204","0.16536061465740204","109","109","109"
"11099","0.16799141466617584","0.16799141466617584","0.16799141466617584","110","110","110"
"11199","0.1769481748342514","0.1769481748342514","0.1769481748342514","111","111","111"
"11299","0.16666235029697418","0.16666235029697418","0.16666235029697418","112","112","112"
"11399","0.16961465775966644","0.16961465775966644","0.16961465775966644","113","113","113"
"11499","0.16795046627521515","0.16795046627521515","0.16795046627521515","114","114","114"
"11599","0.16464431583881378","0.16464431583881378","0.16464431583881378","115","115","115"
"11699","0.1685364544391632","0.1685364544391632","0.1685364544391632","116","116","116"
"11799","0.16673167049884796","0.16673167049884796","0.16673167049884796","117","117","117"
"11899","0.16708584129810333","0.16708584129810333","0.16708584129810333","118","118","118"
"11999","0.1694318801164627","0.1694318801164627","0.1694318801164627","119","119","119"
"12099","0.17079535126686096","0.17079535126686096","0.17079535126686096","120","120","120"
"12199","0.16689585149288177","0.16689585149288177","0.16689585149288177","121","121","121"
"12299","0.16024640202522278","0.16024640202522278","0.16024640202522278","122","122","122"
"12399","0.15986624360084534","0.15986624360084534","0.15986624360084534","123","123","123"
"12499","0.1681811809539795","0.1681811809539795","0.1681811809539795","124","124","124"
"12599","0.16582100093364716","0.16582100093364716","0.16582100093364716","125","125","125"
"12699","0.16820427775382996","0.16820427775382996","0.16820427775382996","126","126","126"
"12799","0.16462457180023193","0.16462457180023193","0.16462457180023193","127","127","127"
"12899","0.1657821089029312","0.1657821089029312","0.1657821089029312","128","128","128"
"12999","0.17245878279209137","0.17245878279209137","0.17245878279209137","129","129","129"
"13099","0.1709396243095398","0.1709396243095398","0.1709396243095398","130","130","130"
"13199","0.17842163145542145","0.17842163145542145","0.17842163145542145","131","131","131"
"13299","0.16197974979877472","0.16197974979877472","0.16197974979877472","132","132","132"
"13399","0.16291169822216034","0.16291169822216034","0.16291169822216034","133","133","133"
"13499","0.16824333369731903","0.16824333369731903","0.16824333369731903","134","134","134"
"13599","0.16453681886196136","0.16453681886196136","0.16453681886196136","135","135","135"
"13699","0.1661364585161209","0.1661364585161209","0.1661364585161209","136","136","136"
"13799","0.1565956473350525","0.1565956473350525","0.1565956473350525","137","137","137"
"13899","0.1544230580329895","0.1544230580329895","0.1544230580329895","138","138","138"
"13999","0.17073358595371246","0.17073358595371246","0.17073358595371246","139","139","139"
"14099","0.16739018261432648","0.16739018261432648","0.16739018261432648","140","140","140"
"14199","0.17031480371952057","0.17031480371952057","0.17031480371952057","141","141","141"
"14299","0.16706523299217224","0.16706523299217224","0.16706523299217224","142","142","142"
"14399","0.16758795082569122","0.16758795082569122","0.16758795082569122","143","143","143"
"14499","0.15718717873096466","0.15718717873096466","0.15718717873096466","144","144","144"
"14599","0.1686902642250061","0.1686902642250061","0.1686902642250061","145","145","145"
"14699","0.16741116344928741","0.16741116344928741","0.16741116344928741","146","146","146"
"14799","0.16997011005878448","0.16997011005878448","0.16997011005878448","147","147","147"
"14899","0.16706973314285278","0.16706973314285278","0.16706973314285278","148","148","148"
"14999","0.1662333607673645","0.1662333607673645","0.1662333607673645","149","149","149"
"15099","0.1645870953798294","0.1645870953798294","0.1645870953798294","150","150","150"
"15199","0.1607554405927658","0.1607554405927658","0.1607554405927658","151","151","151"
"15299","0.16096444427967072","0.16096444427967072","0.16096444427967072","152","152","152"
"15399","0.17238016426563263","0.17238016426563263","0.17238016426563263","153","153","153"
"15499","0.17049390077590942","0.17049390077590942","0.17049390077590942","154","154","154"
"15599","0.16428939998149872","0.16428939998149872","0.16428939998149872","155","155","155"
"15699","0.17623189091682434","0.17623189091682434","0.17623189091682434","156","156","156"
"15799","0.16101211309432983","0.16101211309432983","0.16101211309432983","157","157","157"
"15899","0.15824101865291595","0.15824101865291595","0.15824101865291595","158","158","158"
"15999","0.1588311791419983","0.1588311791419983","0.1588311791419983","159","159","159"
"16099","0.15900039672851562","0.15900039672851562","0.15900039672851562","160","160","160"
"16199","0.1586560755968094","0.1586560755968094","0.1586560755968094","161","161","161"
"16299","0.16192105412483215","0.16192105412483215","0.16192105412483215","162","162","162"
"16399","0.17004381120204926","0.17004381120204926","0.17004381120204926","163","163","163"
"16499","0.15846484899520874","0.15846484899520874","0.15846484899520874","164","164","164"
"16599","0.17531172931194305","0.17531172931194305","0.17531172931194305","165","165","165"
"16699","0.1699371039867401","0.1699371039867401","0.1699371039867401","166","166","166"
"16799","0.159525528550148","0.159525528550148","0.159525528550148","167","167","167"
"16899","0.1776159107685089","0.1776159107685089","0.1776159107685089","168","168","168"
"16999","0.1611565202474594","0.1611565202474594","0.1611565202474594","169","169","169"
"17099","0.1596660315990448","0.1596660315990448","0.1596660315990448","170","170","170"
"17199","0.15946996212005615","0.15946996212005615","0.15946996212005615","171","171","171"
"17299","0.16600175201892853","0.16600175201892853","0.16600175201892853","172","172","172"
"17399","0.16647419333457947","0.16647419333457947","0.16647419333457947","173","173","173"
"17499","0.15506817400455475","0.15506817400455475","0.15506817400455475","174","174","174"
"17599","0.16455531120300293","0.16455531120300293","0.16455531120300293","175","175","175"
"17699","0.16001692414283752","0.16001692414283752","0.16001692414283752","176","176","176"
"17799","0.16505034267902374","0.16505034267902374","0.16505034267902374","177","177","177"
"17899","0.1589515209197998","0.1589515209197998","0.1589515209197998","178","178","178"
"17999","0.15632934868335724","0.15632934868335724","0.15632934868335724","179","179","179"
"18099","0.157925084233284","0.157925084233284","0.157925084233284","180","180","180"
"18199","0.15648216009140015","0.15648216009140015","0.15648216009140015","181","181","181"
"18299","0.1603386402130127","0.1603386402130127","0.1603386402130127","182","182","182"
"18399","0.1626778393983841","0.1626778393983841","0.1626778393983841","183","183","183"
"18499","0.1667105108499527","0.1667105108499527","0.1667105108499527","184","184","184"
"18599","0.15767118334770203","0.15767118334770203","0.15767118334770203","185","185","185"
"18699","0.16414965689182281","0.16414965689182281","0.16414965689182281","186","186","186"
"18799","0.16182851791381836","0.16182851791381836","0.16182851791381836","187","187","187"
"18899","0.16603611409664154","0.16603611409664154","0.16603611409664154","188","188","188"
"18999","0.1670897752046585","0.1670897752046585","0.1670897752046585","189","189","189"
"19099","0.1620059758424759","0.1620059758424759","0.1620059758424759","190","190","190"
"19199","0.1625106930732727","0.1625106930732727","0.1625106930732727","191","191","191"
"19299","0.16092561185359955","0.16092561185359955","0.16092561185359955","192","192","192"
"19399","0.1640879362821579","0.1640879362821579","0.1640879362821579","193","193","193"
"19499","0.16048969328403473","0.16048969328403473","0.16048969328403473","194","194","194"
"19599","0.15581505000591278","0.15581505000591278","0.15581505000591278","195","195","195"
"19699","0.16502276062965393","0.16502276062965393","0.16502276062965393","196","196","196"
"19799","0.16121889650821686","0.16121889650821686","0.16121889650821686","197","197","197"
"19899","0.16965018212795258","0.16965018212795258","0.16965018212795258","198","198","198"
"19999","0.16522479057312012","0.16522479057312012","0.16522479057312012","199","199","199"
"20099","0.15279750525951385","0.15279750525951385","0.15279750525951385","200","200","200"
"20199","0.16489872336387634","0.16489872336387634","0.16489872336387634","201","201","201"
"20299","0.16460676491260529","0.16460676491260529","0.16460676491260529","202","202","202"
"20399","0.16331328451633453","0.16331328451633453","0.16331328451633453","203","203","203"
"20499","0.16625769436359406","0.16625769436359406","0.16625769436359406","204","204","204"
"20599","0.16243013739585876","0.16243013739585876","0.16243013739585876","205","205","205"
"20699","0.1666005253791809","0.1666005253791809","0.1666005253791809","206","206","206"
"20799","0.16457714140415192","0.16457714140415192","0.16457714140415192","207","207","207"
"20899","0.16395056247711182","0.16395056247711182","0.16395056247711182","208","208","208"
"20999","0.153702512383461","0.153702512383461","0.153702512383461","209","209","209"
"21099","0.16874058544635773","0.16874058544635773","0.16874058544635773","210","210","210"
"21199","0.15205048024654388","0.15205048024654388","0.15205048024654388","211","211","211"
"21299","0.1673610657453537","0.1673610657453537","0.1673610657453537","212","212","212"
"21399","0.17479078471660614","0.17479078471660614","0.17479078471660614","213","213","213"
"21499","0.14926375448703766","0.14926375448703766","0.14926375448703766","214","214","214"
"21599","0.15962421894073486","0.15962421894073486","0.15962421894073486","215","215","215"
"21699","0.16088493168354034","0.16088493168354034","0.16088493168354034","216","216","216"
"21799","0.1628916710615158","0.1628916710615158","0.1628916710615158","217","217","217"
"21899","0.16186951100826263","0.16186951100826263","0.16186951100826263","218","218","218"
"21999","0.15440279245376587","0.15440279245376587","0.15440279245376587","219","219","219"
"22099","0.16233982145786285","0.16233982145786285","0.16233982145786285","220","220","220"
"22199","0.1550966054201126","0.1550966054201126","0.1550966054201126","221","221","221"
"22299","0.15894262492656708","0.15894262492656708","0.15894262492656708","222","222","222"
"22399","0.1700572669506073","0.1700572669506073","0.1700572669506073","223","223","223"
"22499","0.1560153067111969","0.1560153067111969","0.1560153067111969","224","224","224"
"22599","0.1650819182395935","0.1650819182395935","0.1650819182395935","225","225","225"
"22699","0.1615561991930008","0.1615561991930008","0.1615561991930008","226","226","226"
"22799","0.15501682460308075","0.15501682460308075","0.15501682460308075","227","227","227"
"22899","0.15627320110797882","0.15627320110797882","0.15627320110797882","228","228","228"
"22999","0.16236931085586548","0.16236931085586548","0.16236931085586548","229","229","229"
"23099","0.15595856308937073","0.15595856308937073","0.15595856308937073","230","230","230"
"23199","0.16332939267158508","0.16332939267158508","0.16332939267158508","231","231","231"
"23299","0.17234165966510773","0.17234165966510773","0.17234165966510773","232","232","232"
"23399","0.16279824078083038","0.16279824078083038","0.16279824078083038","233","233","233"
"23499","0.16368727385997772","0.16368727385997772","0.16368727385997772","234","234","234"
"23599","0.157867431640625","0.157867431640625","0.157867431640625","235","235","235"
"23699","0.15607765316963196","0.15607765316963196","0.15607765316963196","236","236","236"
"23799","0.16359515488147736","0.16359515488147736","0.16359515488147736","237","237","237"
"23899","0.1583389788866043","0.1583389788866043","0.1583389788866043","238","238","238"
"23999","0.16794298589229584","0.16794298589229584","0.16794298589229584","239","239","239"
"24099","0.16130179166793823","0.16130179166793823","0.16130179166793823","240","240","240"
"24199","0.1442583203315735","0.1442583203315735","0.1442583203315735","241","241","241"
"24299","0.1615290343761444","0.1615290343761444","0.1615290343761444","242","242","242"
"24399","0.15726549923419952","0.15726549923419952","0.15726549923419952","243","243","243"
"24499","0.16709373891353607","0.16709373891353607","0.16709373891353607","244","244","244"
"24599","0.1591259092092514","0.1591259092092514","0.1591259092092514","245","245","245"
"24699","0.15340207517147064","0.15340207517147064","0.15340207517147064","246","246","246"
"24799","0.16273577511310577","0.16273577511310577","0.16273577511310577","247","247","247"
"24899","0.16643467545509338","0.16643467545509338","0.16643467545509338","248","248","248"
"24999","0.16149893403053284","0.16149893403053284","0.16149893403053284","249","249","249"
"25099","0.16537199914455414","0.16537199914455414","0.16537199914455414","250","250","250"
"25199","0.16251111030578613","0.16251111030578613","0.16251111030578613","251","251","251"
"25299","0.15444545447826385","0.15444545447826385","0.15444545447826385","252","252","252"
"25399","0.15716850757598877","0.15716850757598877","0.15716850757598877","253","253","253"
"25499","0.15808123350143433","0.15808123350143433","0.15808123350143433","254","254","254"
"25599","0.15627619624137878","0.15627619624137878","0.15627619624137878","255","255","255"
"25699","0.1699286848306656","0.1699286848306656","0.1699286848306656","256","256","256"
"25799","0.15246732532978058","0.15246732532978058","0.15246732532978058","257","257","257"
"25899","0.15763726830482483","0.15763726830482483","0.15763726830482483","258","258","258"
"25999","0.17030274868011475","0.17030274868011475","0.17030274868011475","259","259","259"
"26099","0.16620264947414398","0.16620264947414398","0.16620264947414398","260","260","260"
"26199","0.16337953507900238","0.16337953507900238","0.16337953507900238","261","261","261"
"26299","0.16164271533489227","0.16164271533489227","0.16164271533489227","262","262","262"
"26399","0.1589830219745636","0.1589830219745636","0.1589830219745636","263","263","263"
"26499","0.16222751140594482","0.16222751140594482","0.16222751140594482","264","264","264"
"26599","0.1582261621952057","0.1582261621952057","0.1582261621952057","265","265","265"
"26699","0.1615561991930008","0.1615561991930008","0.1615561991930008","266","266","266"
"26799","0.15587563812732697","0.15587563812732697","0.15587563812732697","267","267","267"
"26899","0.1574120968580246","0.1574120968580246","0.1574120968580246","268","268","268"
"26999","0.1578507423400879","0.1578507423400879","0.1578507423400879","269","269","269"
"27099","0.1630340963602066","0.1630340963602066","0.1630340963602066","270","270","270"
"27199","0.16545915603637695","0.16545915603637695","0.16545915603637695","271","271","271"
"27299","0.15858809649944305","0.15858809649944305","0.15858809649944305","272","272","272"
"27399","0.15651606023311615","0.15651606023311615","0.15651606023311615","273","273","273"
"27499","0.15233662724494934","0.15233662724494934","0.15233662724494934","274","274","274"
"27599","0.16742414236068726","0.16742414236068726","0.16742414236068726","275","275","275"
"27699","0.15593580901622772","0.15593580901622772","0.15593580901622772","276","276","276"
"27799","0.16007356345653534","0.16007356345653534","0.16007356345653534","277","277","277"
"27899","0.16043046116828918","0.16043046116828918","0.16043046116828918","278","278","278"
"27999","0.16151076555252075","0.16151076555252075","0.16151076555252075","279","279","279"
"28099","0.1700928956270218","0.1700928956270218","0.1700928956270218","280","280","280"
"28199","0.15633542835712433","0.15633542835712433","0.15633542835712433","281","281","281"
"28299","0.16039502620697021","0.16039502620697021","0.16039502620697021","282","282","282"
"28399","0.1575065404176712","0.1575065404176712","0.1575065404176712","283","283","283"
"28499","0.156061589717865","0.156061589717865","0.156061589717865","284","284","284"
"28599","0.16421473026275635","0.16421473026275635","0.16421473026275635","285","285","285"
"28699","0.15721526741981506","0.15721526741981506","0.15721526741981506","286","286","286"
"28799","0.1621217578649521","0.1621217578649521","0.1621217578649521","287","287","287"
"28899","0.16496683657169342","0.16496683657169342","0.16496683657169342","288","288","288"
"28999","0.1613168716430664","0.1613168716430664","0.1613168716430664","289","289","289"
"29099","0.16513243317604065","0.16513243317604065","0.16513243317604065","290","290","290"
"29199","0.15947628021240234","0.15947628021240234","0.15947628021240234","291","291","291"
"29299","0.1566724330186844","0.1566724330186844","0.1566724330186844","292","292","292"
"29399","0.16062206029891968","0.16062206029891968","0.16062206029891968","293","293","293"
"29499","0.15933991968631744","0.15933991968631744","0.15933991968631744","294","294","294"
"29599","0.15283642709255219","0.15283642709255219","0.15283642709255219","295","295","295"
"29699","0.15657420456409454","0.15657420456409454","0.15657420456409454","296","296","296"
"29799","0.16024549305438995","0.16024549305438995","0.16024549305438995","297","297","297"
"29899","0.15084773302078247","0.15084773302078247","0.15084773302078247","298","298","298"
"29999","0.1622205376625061","0.1622205376625061","0.1622205376625061","299","299","299"
"30099","0.1522851586341858","0.1522851586341858","0.1522851586341858","300","300","300"
"30199","0.16562630236148834","0.16562630236148834","0.16562630236148834","301","301","301"
"30299","0.16090185940265656","0.16090185940265656","0.16090185940265656","302","302","302"
"30399","0.16280841827392578","0.16280841827392578","0.16280841827392578","303","303","303"
"30499","0.1618187129497528","0.1618187129497528","0.1618187129497528","304","304","304"
"30599","0.15290668606758118","0.15290668606758118","0.15290668606758118","305","305","305"
"30699","0.16334791481494904","0.16334791481494904","0.16334791481494904","306","306","306"
"30799","0.16665013134479523","0.16665013134479523","0.16665013134479523","307","307","307"
"30899","0.15358558297157288","0.15358558297157288","0.15358558297157288","308","308","308"
"30999","0.15430410206317902","0.15430410206317902","0.15430410206317902","309","309","309"
"31099","0.15962520241737366","0.15962520241737366","0.15962520241737366","310","310","310"
"31199","0.156629741191864","0.156629741191864","0.156629741191864","311","311","311"
"31299","0.15431109070777893","0.15431109070777893","0.15431109070777893","312","312","312"
"31399","0.16210253536701202","0.16210253536701202","0.16210253536701202","313","313","313"
"31499","0.1514551341533661","0.1514551341533661","0.1514551341533661","314","314","314"
"31599","0.16440065205097198","0.16440065205097198","0.16440065205097198","315","315","315"
"31699","0.16615977883338928","0.16615977883338928","0.16615977883338928","316","316","316"
"31799","0.1620938926935196","0.1620938926935196","0.1620938926935196","317","317","317"
"31899","0.15600046515464783","0.15600046515464783","0.15600046515464783","318","318","318"
"31999","0.15291300415992737","0.15291300415992737","0.15291300415992737","319","319","319"
"32099","0.1608448475599289","0.1608448475599289","0.1608448475599289","320","320","320"
"32199","0.1598709225654602","0.1598709225654602","0.1598709225654602","321","321","321"
"32299","0.1620142012834549","0.1620142012834549","0.1620142012834549","322","322","322"
"32399","0.1665128618478775","0.1665128618478775","0.1665128618478775","323","323","323"
"32499","0.15931224822998047","0.15931224822998047","0.15931224822998047","324","324","324"
"32599","0.15446259081363678","0.15446259081363678","0.15446259081363678","325","325","325"
"32699","0.1637079268693924","0.1637079268693924","0.1637079268693924","326","326","326"
"32799","0.15289509296417236","0.15289509296417236","0.15289509296417236","327","327","327"
"32899","0.16385085880756378","0.16385085880756378","0.16385085880756378","328","328","328"
"32999","0.15162260830402374","0.15162260830402374","0.15162260830402374","329","329","329"
"33099","0.15396329760551453","0.15396329760551453","0.15396329760551453","330","330","330"
"33199","0.15382452309131622","0.15382452309131622","0.15382452309131622","331","331","331"
"33299","0.15258587896823883","0.15258587896823883","0.15258587896823883","332","332","332"
"33399","0.15434317290782928","0.15434317290782928","0.15434317290782928","333","333","333"
"33499","0.15936894714832306","0.15936894714832306","0.15936894714832306","334","334","334"
"33599","0.1596755087375641","0.1596755087375641","0.1596755087375641","335","335","335"
"33699","0.15778963267803192","0.15778963267803192","0.15778963267803192","336","336","336"
"33799","0.15595737099647522","0.15595737099647522","0.15595737099647522","337","337","337"
"33899","0.14982256293296814","0.14982256293296814","0.14982256293296814","338","338","338"
"33999","0.1561809629201889","0.1561809629201889","0.1561809629201889","339","339","339"
"34099","0.1576685905456543","0.1576685905456543","0.1576685905456543","340","340","340"
"34199","0.16123951971530914","0.16123951971530914","0.16123951971530914","341","341","341"
"34299","0.15967506170272827","0.15967506170272827","0.15967506170272827","342","342","342"
"34399","0.16255882382392883","0.16255882382392883","0.16255882382392883","343","343","343"
"34499","0.15592601895332336","0.15592601895332336","0.15592601895332336","344","344","344"
"34599","0.16108059883117676","0.16108059883117676","0.16108059883117676","345","345","345"
"34699","0.16610777378082275","0.16610777378082275","0.16610777378082275","346","346","346"
"34799","0.15734702348709106","0.15734702348709106","0.15734702348709106","347","347","347"
"34899","0.1529858559370041","0.1529858559370041","0.1529858559370041","348","348","348"
"34999","0.15855179727077484","0.15855179727077484","0.15855179727077484","349","349","349"
"35099","0.15488280355930328","0.15488280355930328","0.15488280355930328","350","350","350"
"35199","0.15858371555805206","0.15858371555805206","0.15858371555805206","351","351","351"
"35299","0.16912253201007843","0.16912253201007843","0.16912253201007843","352","352","352"
"35399","0.15373627841472626","0.15373627841472626","0.15373627841472626","353","353","353"
"35499","0.15352535247802734","0.15352535247802734","0.15352535247802734","354","354","354"
"35599","0.15701445937156677","0.15701445937156677","0.15701445937156677","355","355","355"
"35699","0.15773005783557892","0.15773005783557892","0.15773005783557892","356","356","356"
"35799","0.14953823387622833","0.14953823387622833","0.14953823387622833","357","357","357"
"35899","0.14596763253211975","0.14596763253211975","0.14596763253211975","358","358","358"
"35999","0.15653900802135468","0.15653900802135468","0.15653900802135468","359","359","359"
"36099","0.1511571854352951","0.1511571854352951","0.1511571854352951","360","360","360"
"36199","0.15247896313667297","0.15247896313667297","0.15247896313667297","361","361","361"
"36299","0.1592298001050949","0.1592298001050949","0.1592298001050949","362","362","362"
"36399","0.14852645993232727","0.14852645993232727","0.14852645993232727","363","363","363"
"36499","0.1636555790901184","0.1636555790901184","0.1636555790901184","364","364","364"
"36599","0.1497466117143631","0.1497466117143631","0.1497466117143631","365","365","365"
"36699","0.16134142875671387","0.16134142875671387","0.16134142875671387","366","366","366"
"36799","0.15419010818004608","0.15419010818004608","0.15419010818004608","367","367","367"
"36899","0.1504046618938446","0.1504046618938446","0.1504046618938446","368","368","368"
"36999","0.15251505374908447","0.15251505374908447","0.15251505374908447","369","369","369"
"37099","0.15623463690280914","0.15623463690280914","0.15623463690280914","370","370","370"
"37199","0.1541718989610672","0.1541718989610672","0.1541718989610672","371","371","371"
"37299","0.15858039259910583","0.15858039259910583","0.15858039259910583","372","372","372"
"37399","0.16044677793979645","0.16044677793979645","0.16044677793979645","373","373","373"
"37499","0.15765997767448425","0.15765997767448425","0.15765997767448425","374","374","374"
"37599","0.1657528430223465","0.1657528430223465","0.1657528430223465","375","375","375"
"37699","0.15528801083564758","0.15528801083564758","0.15528801083564758","376","376","376"
"37799","0.14985741674900055","0.14985741674900055","0.14985741674900055","377","377","377"
"37899","0.1654420644044876","0.1654420644044876","0.1654420644044876","378","378","378"
"37999","0.1529717743396759","0.1529717743396759","0.1529717743396759","379","379","379"
"38099","0.15871834754943848","0.15871834754943848","0.15871834754943848","380","380","380"
"38199","0.15202434360980988","0.15202434360980988","0.15202434360980988","381","381","381"
"38299","0.1512974202632904","0.1512974202632904","0.1512974202632904","382","382","382"
"38399","0.14584723114967346","0.14584723114967346","0.14584723114967346","383","383","383"
"38499","0.15773053467273712","0.15773053467273712","0.15773053467273712","384","384","384"
"38599","0.16118359565734863","0.16118359565734863","0.16118359565734863","385","385","385"
"38699","0.15750502049922943","0.15750502049922943","0.15750502049922943","386","386","386"
"38799","0.1525793969631195","0.1525793969631195","0.1525793969631195","387","387","387"
"38899","0.16555507481098175","0.16555507481098175","0.16555507481098175","388","388","388"
"38999","0.1660880744457245","0.1660880744457245","0.1660880744457245","389","389","389"
"39099","0.15432830154895782","0.15432830154895782","0.15432830154895782","390","390","390"
"39199","0.1694781333208084","0.1694781333208084","0.1694781333208084","391","391","391"
"39299","0.151241272687912","0.151241272687912","0.151241272687912","392","392","392"
"39399","0.155424565076828","0.155424565076828","0.155424565076828","393","393","393"
"39499","0.16126728057861328","0.16126728057861328","0.16126728057861328","394","394","394"
"39599","0.15937590599060059","0.15937590599060059","0.15937590599060059","395","395","395"
"39699","0.159780353307724","0.159780353307724","0.159780353307724","396","396","396"
"39799","0.1467607170343399","0.1467607170343399","0.1467607170343399","397","397","397"
"39899","0.15440435707569122","0.15440435707569122","0.15440435707569122","398","398","398"
"39999","0.16003917157649994","0.16003917157649994","0.16003917157649994","399","399","399"
"40099","0.15724892914295197","0.15724892914295197","0.15724892914295197","400","400","400"
"40199","0.15819832682609558","0.15819832682609558","0.15819832682609558","401","401","401"
"40299","0.14566655457019806","0.14566655457019806","0.14566655457019806","402","402","402"
"40399","0.14204585552215576","0.14204585552215576","0.14204585552215576","403","403","403"
"40499","0.1560247391462326","0.1560247391462326","0.1560247391462326","404","404","404"
"40599","0.15182964503765106","0.15182964503765106","0.15182964503765106","405","405","405"
"40699","0.15604282915592194","0.15604282915592194","0.15604282915592194","406","406","406"
"40799","0.16331525146961212","0.16331525146961212","0.16331525146961212","407","407","407"
"40899","0.15537136793136597","0.15537136793136597","0.15537136793136597","408","408","408"
"40999","0.1558300256729126","0.1558300256729126","0.1558300256729126","409","409","409"
"41099","0.14811375737190247","0.14811375737190247","0.14811375737190247","410","410","410"
"41199","0.15814204514026642","0.15814204514026642","0.15814204514026642","411","411","411"
"41299","0.15486934781074524","0.15486934781074524","0.15486934781074524","412","412","412"
"41399","0.15010876953601837","0.15010876953601837","0.15010876953601837","413","413","413"
"41499","0.14823615550994873","0.14823615550994873","0.14823615550994873","414","414","414"
"41599","0.1545160412788391","0.1545160412788391","0.1545160412788391","415","415","415"
"41699","0.151839941740036","0.151839941740036","0.151839941740036","416","416","416"
"41799","0.15084467828273773","0.15084467828273773","0.15084467828273773","417","417","417"
"41899","0.14953358471393585","0.14953358471393585","0.14953358471393585","418","418","418"
"41999","0.15440288186073303","0.15440288186073303","0.15440288186073303","419","419","419"
"42099","0.15233993530273438","0.15233993530273438","0.15233993530273438","420","420","420"
"42199","0.15533144772052765","0.15533144772052765","0.15533144772052765","421","421","421"
"42299","0.15227459371089935","0.15227459371089935","0.15227459371089935","422","422","422"
"42399","0.16001646220684052","0.16001646220684052","0.16001646220684052","423","423","423"
"42499","0.16142010688781738","0.16142010688781738","0.16142010688781738","424","424","424"
"42599","0.15232861042022705","0.15232861042022705","0.15232861042022705","425","425","425"
"42699","0.1450333595275879","0.1450333595275879","0.1450333595275879","426","426","426"
"42799","0.15869751572608948","0.15869751572608948","0.15869751572608948","427","427","427"
"42899","0.15483132004737854","0.15483132004737854","0.15483132004737854","428","428","428"
"42999","0.16167978942394257","0.16167978942394257","0.16167978942394257","429","429","429"
"43099","0.14639697968959808","0.14639697968959808","0.14639697968959808","430","430","430"
"43199","0.15973466634750366","0.15973466634750366","0.15973466634750366","431","431","431"
"43299","0.14795680344104767","0.14795680344104767","0.14795680344104767","432","432","432"
"43399","0.15296608209609985","0.15296608209609985","0.15296608209609985","433","433","433"
"43499","0.15436559915542603","0.15436559915542603","0.15436559915542603","434","434","434"
"43599","0.14504088461399078","0.14504088461399078","0.14504088461399078","435","435","435"
"43699","0.14891622960567474","0.14891622960567474","0.14891622960567474","436","436","436"
"43799","0.16568905115127563","0.16568905115127563","0.16568905115127563","437","437","437"
"43899","0.17864716053009033","0.17864716053009033","0.17864716053009033","438","438","438"
"43999","0.14985591173171997","0.14985591173171997","0.14985591173171997","439","439","439"
"44099","0.1536157876253128","0.1536157876253128","0.1536157876253128","440","440","440"
"44199","0.16442778706550598","0.16442778706550598","0.16442778706550598","441","441","441"
"44299","0.15191496908664703","0.15191496908664703","0.15191496908664703","442","442","442"
"44399","0.15130282938480377","0.15130282938480377","0.15130282938480377","443","443","443"
"44499","0.15695719420909882","0.15695719420909882","0.15695719420909882","444","444","444"
"44599","0.14933091402053833","0.14933091402053833","0.14933091402053833","445","445","445"
"44699","0.16113416850566864","0.16113416850566864","0.16113416850566864","446","446","446"
"44799","0.14827658236026764","0.14827658236026764","0.14827658236026764","447","447","447"
"44899","0.14927370846271515","0.14927370846271515","0.14927370846271515","448","448","448"
"44999","0.15355348587036133","0.15355348587036133","0.15355348587036133","449","449","449"
"45099","0.15185685455799103","0.15185685455799103","0.15185685455799103","450","450","450"
"45199","0.1431168019771576","0.1431168019771576","0.1431168019771576","451","451","451"
"45299","0.16057538986206055","0.16057538986206055","0.16057538986206055","452","452","452"
"45399","0.15814107656478882","0.15814107656478882","0.15814107656478882","453","453","453"
"45499","0.15866319835186005","0.15866319835186005","0.15866319835186005","454","454","454"
"45599","0.15652945637702942","0.15652945637702942","0.15652945637702942","455","455","455"
"45699","0.147514209151268","0.147514209151268","0.147514209151268","456","456","456"
"45799","0.14873658120632172","0.14873658120632172","0.14873658120632172","457","457","457"
"45899","0.1449473798274994","0.1449473798274994","0.1449473798274994","458","458","458"
"45999","0.15537042915821075","0.15537042915821075","0.15537042915821075","459","459","459"
"46099","0.15864180028438568","0.15864180028438568","0.15864180028438568","460","460","460"
"46199","0.15157492458820343","0.15157492458820343","0.15157492458820343","461","461","461"
"46299","0.14676330983638763","0.14676330983638763","0.14676330983638763","462","462","462"
"46399","0.15150853991508484","0.15150853991508484","0.15150853991508484","463","463","463"
"46499","0.14927391707897186","0.14927391707897186","0.14927391707897186","464","464","464"
"46599","0.15893998742103577","0.15893998742103577","0.15893998742103577","465","465","465"
"46699","0.1558467298746109","0.1558467298746109","0.1558467298746109","466","466","466"
"46799","0.16500616073608398","0.16500616073608398","0.16500616073608398","467","467","467"
"46899","0.14956922829151154","0.14956922829151154","0.14956922829151154","468","468","468"
"46999","0.144705131649971","0.144705131649971","0.144705131649971","469","469","469"
"47099","0.1553184688091278","0.1553184688091278","0.1553184688091278","470","470","470"
"47199","0.1492154747247696","0.1492154747247696","0.1492154747247696","471","471","471"
"47299","0.15793518722057343","0.15793518722057343","0.15793518722057343","472","472","472"
"47399","0.15366823971271515","0.15366823971271515","0.15366823971271515","473","473","473"
"47499","0.15318940579891205","0.15318940579891205","0.15318940579891205","474","474","474"
"47599","0.14311309158802032","0.14311309158802032","0.14311309158802032","475","475","475"
"47699","0.15095539391040802","0.15095539391040802","0.15095539391040802","476","476","476"
"47799","0.14841105043888092","0.14841105043888092","0.14841105043888092","477","477","477"
"47899","0.15282876789569855","0.15282876789569855","0.15282876789569855","478","478","478"
"47999","0.15508820116519928","0.15508820116519928","0.15508820116519928","479","479","479"
"48099","0.16179512441158295","0.16179512441158295","0.16179512441158295","480","480","480"
"48199","0.15141864120960236","0.15141864120960236","0.15141864120960236","481","481","481"
"48299","0.15983344614505768","0.15983344614505768","0.15983344614505768","482","482","482"
"48399","0.1554833948612213","0.1554833948612213","0.1554833948612213","483","483","483"
"48499","0.1492699235677719","0.1492699235677719","0.1492699235677719","484","484","484"
"48599","0.14998948574066162","0.14998948574066162","0.14998948574066162","485","485","485"
"48699","0.15931817889213562","0.15931817889213562","0.15931817889213562","486","486","486"
"48799","0.1519327461719513","0.1519327461719513","0.1519327461719513","487","487","487"
"48899","0.14291532337665558","0.14291532337665558","0.14291532337665558","488","488","488"
"48999","0.15060321986675262","0.15060321986675262","0.15060321986675262","489","489","489"
"49099","0.15004484355449677","0.15004484355449677","0.15004484355449677","490","490","490"
"49199","0.14939312636852264","0.14939312636852264","0.14939312636852264","491","491","491"
"49299","0.15613169968128204","0.15613169968128204","0.15613169968128204","492","492","492"
"49399","0.15378396213054657","0.15378396213054657","0.15378396213054657","493","493","493"
"49499","0.16012251377105713","0.16012251377105713","0.16012251377105713","494","494","494"
"49599","0.1556316763162613","0.1556316763162613","0.1556316763162613","495","495","495"
"49699","0.17221520841121674","0.17221520841121674","0.17221520841121674","496","496","496"
"49799","0.14817865192890167","0.14817865192890167","0.14817865192890167","497","497","497"
"49899","0.1596294343471527","0.1596294343471527","0.1596294343471527","498","498","498"
"49999","0.1509474813938141","0.1509474813938141","0.1509474813938141","499","499","499"
"50099","0.15046162903308868","0.15046162903308868","0.15046162903308868","500","500","500"
"50199","0.15674187242984772","0.15674187242984772","0.15674187242984772","501","501","501"
"50299","0.14777414500713348","0.14777414500713348","0.14777414500713348","502","502","502"
"50399","0.15761668980121613","0.15761668980121613","0.15761668980121613","503","503","503"
"50499","0.1569170504808426","0.1569170504808426","0.1569170504808426","504","504","504"
"50599","0.14818595349788666","0.14818595349788666","0.14818595349788666","505","505","505"
"50699","0.1684778332710266","0.1684778332710266","0.1684778332710266","506","506","506"
"50799","0.16091030836105347","0.16091030836105347","0.16091030836105347","507","507","507"
"50899","0.15674296021461487","0.15674296021461487","0.15674296021461487","508","508","508"
"50999","0.15837454795837402","0.15837454795837402","0.15837454795837402","509","509","509"
"51099","0.1479453593492508","0.1479453593492508","0.1479453593492508","510","510","510"
"51199","0.1500529795885086","0.1500529795885086","0.1500529795885086","511","511","511"
"51299","0.16101595759391785","0.16101595759391785","0.16101595759391785","512","512","512"
"51399","0.1479099541902542","0.1479099541902542","0.1479099541902542","513","513","513"
"51499","0.1530517190694809","0.1530517190694809","0.1530517190694809","514","514","514"
"51599","0.1587701290845871","0.1587701290845871","0.1587701290845871","515","515","515"
"51699","0.15302784740924835","0.15302784740924835","0.15302784740924835","516","516","516"
"51799","0.15406733751296997","0.15406733751296997","0.15406733751296997","517","517","517"
"51899","0.14611150324344635","0.14611150324344635","0.14611150324344635","518","518","518"
"51999","0.15416774153709412","0.15416774153709412","0.15416774153709412","519","519","519"
"52099","0.1507861316204071","0.1507861316204071","0.1507861316204071","520","520","520"
"52199","0.15651044249534607","0.15651044249534607","0.15651044249534607","521","521","521"
"52299","0.15498454868793488","0.15498454868793488","0.15498454868793488","522","522","522"
"52399","0.15094609558582306","0.15094609558582306","0.15094609558582306","523","523","523"
"52499","0.14635229110717773","0.14635229110717773","0.14635229110717773","524","524","524"
"52599","0.1535225659608841","0.1535225659608841","0.1535225659608841","525","525","525"
"52699","0.1481161117553711","0.1481161117553711","0.1481161117553711","526","526","526"
"52799","0.16123351454734802","0.16123351454734802","0.16123351454734802","527","527","527"
"52899","0.14761744439601898","0.14761744439601898","0.14761744439601898","528","528","528"
"52999","0.14950202405452728","0.14950202405452728","0.14950202405452728","529","529","529"
"53099","0.1511400192975998","0.1511400192975998","0.1511400192975998","530","530","530"
"53199","0.15360668301582336","0.15360668301582336","0.15360668301582336","531","531","531"
"53299","0.1491769254207611","0.1491769254207611","0.1491769254207611","532","532","532"
"53399","0.15540561079978943","0.15540561079978943","0.15540561079978943","533","533","533"
"53499","0.1511056274175644","0.1511056274175644","0.1511056274175644","534","534","534"
"53599","0.1442689150571823","0.1442689150571823","0.1442689150571823","535","535","535"
"53699","0.1491822749376297","0.1491822749376297","0.1491822749376297","536","536","536"
"53799","0.1542121022939682","0.1542121022939682","0.1542121022939682","537","537","537"
"53899","0.14772124588489532","0.14772124588489532","0.14772124588489532","538","538","538"
"53999","0.15155450999736786","0.15155450999736786","0.15155450999736786","539","539","539"
"54099","0.15310439467430115","0.15310439467430115","0.15310439467430115","540","540","540"
"54199","0.14956942200660706","0.14956942200660706","0.14956942200660706","541","541","541"
"54299","0.15563245117664337","0.15563245117664337","0.15563245117664337","542","542","542"
"54399","0.16101427376270294","0.16101427376270294","0.16101427376270294","543","543","543"
"54499","0.14500127732753754","0.14500127732753754","0.14500127732753754","544","544","544"
"54599","0.1568138599395752","0.1568138599395752","0.1568138599395752","545","545","545"
"54699","0.1484043151140213","0.1484043151140213","0.1484043151140213","546","546","546"
"54799","0.14835511147975922","0.14835511147975922","0.14835511147975922","547","547","547"
"54899","0.14874659478664398","0.14874659478664398","0.14874659478664398","548","548","548"
"54999","0.1449897736310959","0.1449897736310959","0.1449897736310959","549","549","549"
"55099","0.14491277933120728","0.14491277933120728","0.14491277933120728","550","550","550"
"55199","0.14755426347255707","0.14755426347255707","0.14755426347255707","551","551","551"
"55299","0.1491835117340088","0.1491835117340088","0.1491835117340088","552","552","552"
"55399","0.14415551722049713","0.14415551722049713","0.14415551722049713","553","553","553"
"55499","0.151529923081398","0.151529923081398","0.151529923081398","554","554","554"
"55599","0.15084849298000336","0.15084849298000336","0.15084849298000336","555","555","555"
"55699","0.14529164135456085","0.14529164135456085","0.14529164135456085","556","556","556"
"55799","0.16706272959709167","0.16706272959709167","0.16706272959709167","557","557","557"
"55899","0.14485681056976318","0.14485681056976318","0.14485681056976318","558","558","558"
"55999","0.1406855434179306","0.1406855434179306","0.1406855434179306","559","559","559"
"56099","0.14293769001960754","0.14293769001960754","0.14293769001960754","560","560","560"
"56199","0.14989985525608063","0.14989985525608063","0.14989985525608063","561","561","561"
"56299","0.1566428393125534","0.1566428393125534","0.1566428393125534","562","562","562"
"56399","0.14340493083000183","0.14340493083000183","0.14340493083000183","563","563","563"
"56499","0.15686653554439545","0.15686653554439545","0.15686653554439545","564","564","564"
"56599","0.1509520560503006","0.1509520560503006","0.1509520560503006","565","565","565"
"56699","0.14278721809387207","0.14278721809387207","0.14278721809387207","566","566","566"
"56799","0.15576240420341492","0.15576240420341492","0.15576240420341492","567","567","567"
"56899","0.15320952236652374","0.15320952236652374","0.15320952236652374","568","568","568"
"56999","0.15778948366641998","0.15778948366641998","0.15778948366641998","569","569","569"
"57099","0.15438738465309143","0.15438738465309143","0.15438738465309143","570","570","570"
"57199","0.1543392390012741","0.1543392390012741","0.1543392390012741","571","571","571"
"57299","0.15137287974357605","0.15137287974357605","0.15137287974357605","572","572","572"
"57399","0.13628694415092468","0.13628694415092468","0.13628694415092468","573","573","573"
"57499","0.14504221081733704","0.14504221081733704","0.14504221081733704","574","574","574"
"57599","0.15252357721328735","0.15252357721328735","0.15252357721328735","575","575","575"
"57699","0.1535901576280594","0.1535901576280594","0.1535901576280594","576","576","576"
"57799","0.1612287312746048","0.1612287312746048","0.1612287312746048","577","577","577"
"57899","0.1508268564939499","0.1508268564939499","0.1508268564939499","578","578","578"
"57999","0.16254492104053497","0.16254492104053497","0.16254492104053497","579","579","579"
"58099","0.14359533786773682","0.14359533786773682","0.14359533786773682","580","580","580"
"58199","0.14712877571582794","0.14712877571582794","0.14712877571582794","581","581","581"
"58299","0.15428756177425385","0.15428756177425385","0.15428756177425385","582","582","582"
"58399","0.14766600728034973","0.14766600728034973","0.14766600728034973","583","583","583"
"58499","0.14435991644859314","0.14435991644859314","0.14435991644859314","584","584","584"
"58599","0.14842918515205383","0.14842918515205383","0.14842918515205383","585","585","585"
"58699","0.1489103138446808","0.1489103138446808","0.1489103138446808","586","586","586"
"58799","0.14072179794311523","0.14072179794311523","0.14072179794311523","587","587","587"
"58899","0.1471138894557953","0.1471138894557953","0.1471138894557953","588","588","588"
"58999","0.1521301120519638","0.1521301120519638","0.1521301120519638","589","589","589"
"59099","0.14381366968154907","0.14381366968154907","0.14381366968154907","590","590","590"
"59199","0.14848700165748596","0.14848700165748596","0.14848700165748596","591","591","591"
"59299","0.14728960394859314","0.14728960394859314","0.14728960394859314","592","592","592"
"59399","0.14977872371673584","0.14977872371673584","0.14977872371673584","593","593","593"
"59499","0.15034878253936768","0.15034878253936768","0.15034878253936768","594","594","594"
"59599","0.14064812660217285","0.14064812660217285","0.14064812660217285","595","595","595"
"59699","0.14009897410869598","0.14009897410869598","0.14009897410869598","596","596","596"
"59799","0.15085570514202118","0.15085570514202118","0.15085570514202118","597","597","597"
"59899","0.1460319459438324","0.1460319459438324","0.1460319459438324","598","598","598"
"59999","0.1505315601825714","0.1505315601825714","0.1505315601825714","599","599","599"
"60099","0.1563691943883896","0.1563691943883896","0.1563691943883896","600","600","600"
"60199","0.14339010417461395","0.14339010417461395","0.14339010417461395","601","601","601"
"60299","0.15566392242908478","0.15566392242908478","0.15566392242908478","602","602","602"
"60399","0.14939595758914948","0.14939595758914948","0.14939595758914948","603","603","603"
"60499","0.1485794335603714","0.1485794335603714","0.1485794335603714","604","604","604"
"60599","0.14528127014636993","0.14528127014636993","0.14528127014636993","605","605","605"
"60699","0.14695946872234344","0.14695946872234344","0.14695946872234344","606","606","606"
"60799","0.149959534406662","0.149959534406662","0.149959534406662","607","607","607"
"60899","0.1531655341386795","0.1531655341386795","0.1531655341386795","608","608","608"
"60999","0.14511188864707947","0.14511188864707947","0.14511188864707947","609","609","609"
"61099","0.1505642533302307","0.1505642533302307","0.1505642533302307","610","610","610"
"61199","0.1524759978055954","0.1524759978055954","0.1524759978055954","611","611","611"
"61299","0.15911155939102173","0.15911155939102173","0.15911155939102173","612","612","612"
"61399","0.1512206345796585","0.1512206345796585","0.1512206345796585","613","613","613"
"61499","0.14915107190608978","0.14915107190608978","0.14915107190608978","614","614","614"
"61599","0.14622192084789276","0.14622192084789276","0.14622192084789276","615","615","615"
"61699","0.15856407582759857","0.15856407582759857","0.15856407582759857","616","616","616"
"61799","0.15715137124061584","0.15715137124061584","0.15715137124061584","617","617","617"
"61899","0.15194983780384064","0.15194983780384064","0.15194983780384064","618","618","618"
"61999","0.15239082276821136","0.15239082276821136","0.15239082276821136","619","619","619"
"62099","0.15071220695972443","0.15071220695972443","0.15071220695972443","620","620","620"
"62199","0.15107637643814087","0.15107637643814087","0.15107637643814087","621","621","621"
"62299","0.14858397841453552","0.14858397841453552","0.14858397841453552","622","622","622"
"62399","0.151151642203331","0.151151642203331","0.151151642203331","623","623","623"
"62499","0.15248724818229675","0.15248724818229675","0.15248724818229675","624","624","624"
"62599","0.14357712864875793","0.14357712864875793","0.14357712864875793","625","625","625"
"62699","0.14409567415714264","0.14409567415714264","0.14409567415714264","626","626","626"
"62799","0.14508427679538727","0.14508427679538727","0.14508427679538727","627","627","627"
"62899","0.1454765349626541","0.1454765349626541","0.1454765349626541","628","628","628"
"62999","0.1419917494058609","0.1419917494058609","0.1419917494058609","629","629","629"
"63099","0.1514301598072052","0.1514301598072052","0.1514301598072052","630","630","630"
"63199","0.15319176018238068","0.15319176018238068","0.15319176018238068","631","631","631"
"63299","0.14946675300598145","0.14946675300598145","0.14946675300598145","632","632","632"
"63399","0.15190447866916656","0.15190447866916656","0.15190447866916656","633","633","633"
"63499","0.14854003489017487","0.14854003489017487","0.14854003489017487","634","634","634"
"63599","0.13803206384181976","0.13803206384181976","0.13803206384181976","635","635","635"
"63699","0.15406136214733124","0.15406136214733124","0.15406136214733124","636","636","636"
"63799","0.16418111324310303","0.16418111324310303","0.16418111324310303","637","637","637"
"63899","0.14554601907730103","0.14554601907730103","0.14554601907730103","638","638","638"
"63999","0.14910191297531128","0.14910191297531128","0.14910191297531128","639","639","639"
"64099","0.14661820232868195","0.14661820232868195","0.14661820232868195","640","640","640"
"64199","0.13852588832378387","0.13852588832378387","0.13852588832378387","641","641","641"
"64299","0.15746855735778809","0.15746855735778809","0.15746855735778809","642","642","642"
"64399","0.15059489011764526","0.15059489011764526","0.15059489011764526","643","643","643"
"64499","0.14465564489364624","0.14465564489364624","0.14465564489364624","644","644","644"
"64599","0.1516231894493103","0.1516231894493103","0.1516231894493103","645","645","645"
"64699","0.15088607370853424","0.15088607370853424","0.15088607370853424","646","646","646"
"64799","0.14545010030269623","0.14545010030269623","0.14545010030269623","647","647","647"
"64899","0.15871764719486237","0.15871764719486237","0.15871764719486237","648","648","648"
"64999","0.14361830055713654","0.14361830055713654","0.14361830055713654","649","649","649"
"65099","0.1476350873708725","0.1476350873708725","0.1476350873708725","650","650","650"
"65199","0.1432584524154663","0.1432584524154663","0.1432584524154663","651","651","651"
"65299","0.14890259504318237","0.14890259504318237","0.14890259504318237","652","652","652"
"65399","0.15913666784763336","0.15913666784763336","0.15913666784763336","653","653","653"
"65499","0.15132302045822144","0.15132302045822144","0.15132302045822144","654","654","654"
"65599","0.147255077958107","0.147255077958107","0.147255077958107","655","655","655"
"65699","0.1438370794057846","0.1438370794057846","0.1438370794057846","656","656","656"
"65799","0.14448332786560059","0.14448332786560059","0.14448332786560059","657","657","657"
"65899","0.15338702499866486","0.15338702499866486","0.15338702499866486","658","658","658"
"65999","0.1491212099790573","0.1491212099790573","0.1491212099790573","659","659","659"
"66099","0.14765241742134094","0.14765241742134094","0.14765241742134094","660","660","660"
"66199","0.14422926306724548","0.14422926306724548","0.14422926306724548","661","661","661"
"66299","0.13873310387134552","0.13873310387134552","0.13873310387134552","662","662","662"
"66399","0.1471475213766098","0.1471475213766098","0.1471475213766098","663","663","663"
"66499","0.1505928635597229","0.1505928635597229","0.1505928635597229","664","664","664"
"66599","0.1512763500213623","0.1512763500213623","0.1512763500213623","665","665","665"
"66699","0.16140314936637878","0.16140314936637878","0.16140314936637878","666","666","666"
"66799","0.14313681423664093","0.14313681423664093","0.14313681423664093","667","667","667"
"66899","0.15855474770069122","0.15855474770069122","0.15855474770069122","668","668","668"
"66999","0.14378304779529572","0.14378304779529572","0.14378304779529572","669","669","669"
"67099","0.15095825493335724","0.15095825493335724","0.15095825493335724","670","670","670"
"67199","0.15071405470371246","0.15071405470371246","0.15071405470371246","671","671","671"
"67299","0.14351886510849","0.14351886510849","0.14351886510849","672","672","672"
"67399","0.13885031640529633","0.13885031640529633","0.13885031640529633","673","673","673"
"67499","0.1581677794456482","0.1581677794456482","0.1581677794456482","674","674","674"
"67599","0.14571595191955566","0.14571595191955566","0.14571595191955566","675","675","675"
"67699","0.14601440727710724","0.14601440727710724","0.14601440727710724","676","676","676"
"67799","0.15507905185222626","0.15507905185222626","0.15507905185222626","677","677","677"
"67899","0.14439330995082855","0.14439330995082855","0.14439330995082855","678","678","678"
"67999","0.14405977725982666","0.14405977725982666","0.14405977725982666","679","679","679"
"68099","0.14990633726119995","0.14990633726119995","0.14990633726119995","680","680","680"
"68199","0.14865948259830475","0.14865948259830475","0.14865948259830475","681","681","681"
"68299","0.14253517985343933","0.14253517985343933","0.14253517985343933","682","682","682"
"68399","0.15869100391864777","0.15869100391864777","0.15869100391864777","683","683","683"
"68499","0.14656968414783478","0.14656968414783478","0.14656968414783478","684","684","684"
"68599","0.14006908237934113","0.14006908237934113","0.14006908237934113","685","685","685"
"68699","0.1392976939678192","0.1392976939678192","0.1392976939678192","686","686","686"
"68799","0.14237581193447113","0.14237581193447113","0.14237581193447113","687","687","687"
"68899","0.15060561895370483","0.15060561895370483","0.15060561895370483","688","688","688"
"68999","0.1501433253288269","0.1501433253288269","0.1501433253288269","689","689","689"
"69099","0.14243797957897186","0.14243797957897186","0.14243797957897186","690","690","690"
"69199","0.14272810518741608","0.14272810518741608","0.14272810518741608","691","691","691"
"69299","0.1476726233959198","0.1476726233959198","0.1476726233959198","692","692","692"
"69399","0.1413145512342453","0.1413145512342453","0.1413145512342453","693","693","693"
"69499","0.13978450000286102","0.13978450000286102","0.13978450000286102","694","694","694"
"69599","0.15147539973258972","0.15147539973258972","0.15147539973258972","695","695","695"
"69699","0.1388927847146988","0.1388927847146988","0.1388927847146988","696","696","696"
"69799","0.15314123034477234","0.15314123034477234","0.15314123034477234","697","697","697"
"69899","0.14551301300525665","0.14551301300525665","0.14551301300525665","698","698","698"
"69999","0.14970426261425018","0.14970426261425018","0.14970426261425018","699","699","699"
"70099","0.15272416174411774","0.15272416174411774","0.15272416174411774","700","700","700"
"70199","0.14205849170684814","0.14205849170684814","0.14205849170684814","701","701","701"
"70299","0.13341665267944336","0.13341665267944336","0.13341665267944336","702","702","702"
"70399","0.15024563670158386","0.15024563670158386","0.15024563670158386","703","703","703"
"70499","0.15059469640254974","0.15059469640254974","0.15059469640254974","704","704","704"
"70599","0.1385440230369568","0.1385440230369568","0.1385440230369568","705","705","705"
"70699","0.14421118795871735","0.14421118795871735","0.14421118795871735","706","706","706"
"70799","0.14273029565811157","0.14273029565811157","0.14273029565811157","707","707","707"
"70899","0.14484451711177826","0.14484451711177826","0.14484451711177826","708","708","708"
"70999","0.14395464956760406","0.14395464956760406","0.14395464956760406","709","709","709"
"71099","0.15439854562282562","0.15439854562282562","0.15439854562282562","710","710","710"
"71199","0.14789240062236786","0.14789240062236786","0.14789240062236786","711","711","711"
"71299","0.1418474018573761","0.1418474018573761","0.1418474018573761","712","712","712"
"71399","0.15312306582927704","0.15312306582927704","0.15312306582927704","713","713","713"
"71499","0.14547595381736755","0.14547595381736755","0.14547595381736755","714","714","714"
"71599","0.1471875011920929","0.1471875011920929","0.1471875011920929","715","715","715"
"71699","0.152452290058136","0.152452290058136","0.152452290058136","716","716","716"
"71799","0.14841318130493164","0.14841318130493164","0.14841318130493164","717","717","717"
"71899","0.14783678948879242","0.14783678948879242","0.14783678948879242","718","718","718"
"71999","0.13884049654006958","0.13884049654006958","0.13884049654006958","719","719","719"
"72099","0.14504137635231018","0.14504137635231018","0.14504137635231018","720","720","720"
"72199","0.151556596159935","0.151556596159935","0.151556596159935","721","721","721"
"72299","0.15399745106697083","0.15399745106697083","0.15399745106697083","722","722","722"
"72399","0.15408475697040558","0.15408475697040558","0.15408475697040558","723","723","723"
"72499","0.14340324699878693","0.14340324699878693","0.14340324699878693","724","724","724"
"72599","0.151640847325325","0.151640847325325","0.151640847325325","725","725","725"
"72699","0.14359666407108307","0.14359666407108307","0.14359666407108307","726","726","726"
"72799","0.14344771206378937","0.14344771206378937","0.14344771206378937","727","727","727"
"72899","0.1520988643169403","0.1520988643169403","0.1520988643169403","728","728","728"
"72999","0.15175975859165192","0.15175975859165192","0.15175975859165192","729","729","729"
"73099","0.1477830559015274","0.1477830559015274","0.1477830559015274","730","730","730"
"73199","0.15306507050991058","0.15306507050991058","0.15306507050991058","731","731","731"
"73299","0.15430259704589844","0.15430259704589844","0.15430259704589844","732","732","732"
"73399","0.14344237744808197","0.14344237744808197","0.14344237744808197","733","733","733"
"73499","0.1538204848766327","0.1538204848766327","0.1538204848766327","734","734","734"
"73599","0.14025381207466125","0.14025381207466125","0.14025381207466125","735","735","735"
"73699","0.15121158957481384","0.15121158957481384","0.15121158957481384","736","736","736"
"73799","0.13486872613430023","0.13486872613430023","0.13486872613430023","737","737","737"
"73899","0.14020204544067383","0.14020204544067383","0.14020204544067383","738","738","738"
"73999","0.14912521839141846","0.14912521839141846","0.14912521839141846","739","739","739"
"74099","0.14670589566230774","0.14670589566230774","0.14670589566230774","740","740","740"
"74199","0.14256668090820312","0.14256668090820312","0.14256668090820312","741","741","741"
"74299","0.14962942898273468","0.14962942898273468","0.14962942898273468","742","742","742"
"74399","0.1465991735458374","0.1465991735458374","0.1465991735458374","743","743","743"
"74499","0.14106354117393494","0.14106354117393494","0.14106354117393494","744","744","744"
"74599","0.14259739220142365","0.14259739220142365","0.14259739220142365","745","745","745"
"74699","0.1422608643770218","0.1422608643770218","0.1422608643770218","746","746","746"
"74799","0.14146924018859863","0.14146924018859863","0.14146924018859863","747","747","747"
"74899","0.1414075642824173","0.1414075642824173","0.1414075642824173","748","748","748"
"74999","0.14601193368434906","0.14601193368434906","0.14601193368434906","749","749","749"
"75099","0.14133663475513458","0.14133663475513458","0.14133663475513458","750","750","750"
"75199","0.14484356343746185","0.14484356343746185","0.14484356343746185","751","751","751"
"75299","0.13996095955371857","0.13996095955371857","0.13996095955371857","752","752","752"
"75399","0.14563046395778656","0.14563046395778656","0.14563046395778656","753","753","753"
"75499","0.14821401238441467","0.14821401238441467","0.14821401238441467","754","754","754"
"75599","0.14877600967884064","0.14877600967884064","0.14877600967884064","755","755","755"
"75699","0.14758332073688507","0.14758332073688507","0.14758332073688507","756","756","756"
"75799","0.133086159825325","0.133086159825325","0.133086159825325","757","757","757"
"75899","0.1425224095582962","0.1425224095582962","0.1425224095582962","758","758","758"
"75999","0.14173227548599243","0.14173227548599243","0.14173227548599243","759","759","759"
"76099","0.14554022252559662","0.14554022252559662","0.14554022252559662","760","760","760"
"76199","0.14239557087421417","0.14239557087421417","0.14239557087421417","761","761","761"
"76299","0.15186600387096405","0.15186600387096405","0.15186600387096405","762","762","762"
"76399","0.1472514420747757","0.1472514420747757","0.1472514420747757","763","763","763"
"76499","0.14347004890441895","0.14347004890441895","0.14347004890441895","764","764","764"
"76599","0.13869555294513702","0.13869555294513702","0.13869555294513702","765","765","765"
"76699","0.14415386319160461","0.14415386319160461","0.14415386319160461","766","766","766"
"76799","0.1556137651205063","0.1556137651205063","0.1556137651205063","767","767","767"
"76899","0.1452968865633011","0.1452968865633011","0.1452968865633011","768","768","768"
"76999","0.14581209421157837","0.14581209421157837","0.14581209421157837","769","769","769"
"77099","0.14870965480804443","0.14870965480804443","0.14870965480804443","770","770","770"
"77199","0.15191829204559326","0.15191829204559326","0.15191829204559326","771","771","771"
"77299","0.14593763649463654","0.14593763649463654","0.14593763649463654","772","772","772"
"77399","0.14650513231754303","0.14650513231754303","0.14650513231754303","773","773","773"
"77499","0.13775809109210968","0.13775809109210968","0.13775809109210968","774","774","774"
"77599","0.15536224842071533","0.15536224842071533","0.15536224842071533","775","775","775"
"77699","0.1458035111427307","0.1458035111427307","0.1458035111427307","776","776","776"
"77799","0.15041561424732208","0.15041561424732208","0.15041561424732208","777","777","777"
"77899","0.15312273800373077","0.15312273800373077","0.15312273800373077","778","778","778"
"77999","0.13932622969150543","0.13932622969150543","0.13932622969150543","779","779","779"
"78099","0.14646919071674347","0.14646919071674347","0.14646919071674347","780","780","780"
"78199","0.144757479429245","0.144757479429245","0.144757479429245","781","781","781"
"78299","0.1565738469362259","0.1565738469362259","0.1565738469362259","782","782","782"
"78399","0.1458376795053482","0.1458376795053482","0.1458376795053482","783","783","783"
"78499","0.1505168080329895","0.1505168080329895","0.1505168080329895","784","784","784"
"78599","0.14622648060321808","0.14622648060321808","0.14622648060321808","785","785","785"
"78699","0.1467730700969696","0.1467730700969696","0.1467730700969696","786","786","786"
"78799","0.13210071623325348","0.13210071623325348","0.13210071623325348","787","787","787"
"78899","0.14622659981250763","0.14622659981250763","0.14622659981250763","788","788","788"
"78999","0.14021675288677216","0.14021675288677216","0.14021675288677216","789","789","789"
"79099","0.15237778425216675","0.15237778425216675","0.15237778425216675","790","790","790"
"79199","0.1480782926082611","0.1480782926082611","0.1480782926082611","791","791","791"
"79299","0.15106317400932312","0.15106317400932312","0.15106317400932312","792","792","792"
"79399","0.14689917862415314","0.14689917862415314","0.14689917862415314","793","793","793"
"79499","0.1405487358570099","0.1405487358570099","0.1405487358570099","794","794","794"
"79599","0.14830167591571808","0.14830167591571808","0.14830167591571808","795","795","795"
"79699","0.1438606083393097","0.1438606083393097","0.1438606083393097","796","796","796"
"79799","0.14211729168891907","0.14211729168891907","0.14211729168891907","797","797","797"
"79899","0.1517309695482254","0.1517309695482254","0.1517309695482254","798","798","798"
"79999","0.13988889753818512","0.13988889753818512","0.13988889753818512","799","799","799"
"80099","0.1414918452501297","0.1414918452501297","0.1414918452501297","800","800","800"
"80199","0.1404576301574707","0.1404576301574707","0.1404576301574707","801","801","801"
"80299","0.1501874178647995","0.1501874178647995","0.1501874178647995","802","802","802"
"80399","0.1417684257030487","0.1417684257030487","0.1417684257030487","803","803","803"
"80499","0.14917662739753723","0.14917662739753723","0.14917662739753723","804","804","804"
"80599","0.14888040721416473","0.14888040721416473","0.14888040721416473","805","805","805"
"80699","0.14024819433689117","0.14024819433689117","0.14024819433689117","806","806","806"
"80799","0.13428030908107758","0.13428030908107758","0.13428030908107758","807","807","807"
"80899","0.14712883532047272","0.14712883532047272","0.14712883532047272","808","808","808"
"80999","0.1501273512840271","0.1501273512840271","0.1501273512840271","809","809","809"
"81099","0.14562003314495087","0.14562003314495087","0.14562003314495087","810","810","810"
"81199","0.13588115572929382","0.13588115572929382","0.13588115572929382","811","811","811"
"81299","0.1467336267232895","0.1467336267232895","0.1467336267232895","812","812","812"
"81399","0.13849611580371857","0.13849611580371857","0.13849611580371857","813","813","813"
"81499","0.14725692570209503","0.14725692570209503","0.14725692570209503","814","814","814"
"81599","0.13542397320270538","0.13542397320270538","0.13542397320270538","815","815","815"
"81699","0.13946634531021118","0.13946634531021118","0.13946634531021118","816","816","816"
"81799","0.14362239837646484","0.14362239837646484","0.14362239837646484","817","817","817"
"81899","0.1408752053976059","0.1408752053976059","0.1408752053976059","818","818","818"
"81999","0.13659046590328217","0.13659046590328217","0.13659046590328217","819","819","819"
"82099","0.13911443948745728","0.13911443948745728","0.13911443948745728","820","820","820"
"82199","0.14602740108966827","0.14602740108966827","0.14602740108966827","821","821","821"
"82299","0.14367172122001648","0.14367172122001648","0.14367172122001648","822","822","822"
"82399","0.15697363018989563","0.15697363018989563","0.15697363018989563","823","823","823"
"82499","0.13372863829135895","0.13372863829135895","0.13372863829135895","824","824","824"
"82599","0.13681365549564362","0.13681365549564362","0.13681365549564362","825","825","825"
"82699","0.1445089727640152","0.1445089727640152","0.1445089727640152","826","826","826"
"82799","0.15213757753372192","0.15213757753372192","0.15213757753372192","827","827","827"
"82899","0.15661096572875977","0.15661096572875977","0.15661096572875977","828","828","828"
"82999","0.14038418233394623","0.14038418233394623","0.14038418233394623","829","829","829"
"83099","0.13476376235485077","0.13476376235485077","0.13476376235485077","830","830","830"
"83199","0.14451827108860016","0.14451827108860016","0.14451827108860016","831","831","831"
"83299","0.1372721940279007","0.1372721940279007","0.1372721940279007","832","832","832"
"83399","0.14279916882514954","0.14279916882514954","0.14279916882514954","833","833","833"
"83499","0.14901168644428253","0.14901168644428253","0.14901168644428253","834","834","834"
"83599","0.13958294689655304","0.13958294689655304","0.13958294689655304","835","835","835"
"83699","0.15079326927661896","0.15079326927661896","0.15079326927661896","836","836","836"
"83799","0.1495087593793869","0.1495087593793869","0.1495087593793869","837","837","837"
"83899","0.15060803294181824","0.15060803294181824","0.15060803294181824","838","838","838"
"83999","0.14791174232959747","0.14791174232959747","0.14791174232959747","839","839","839"
"84099","0.13883739709854126","0.13883739709854126","0.13883739709854126","840","840","840"
"84199","0.1449413299560547","0.1449413299560547","0.1449413299560547","841","841","841"
"84299","0.1404888778924942","0.1404888778924942","0.1404888778924942","842","842","842"
"84399","0.1401306688785553","0.1401306688785553","0.1401306688785553","843","843","843"
"84499","0.14147703349590302","0.14147703349590302","0.14147703349590302","844","844","844"
"84599","0.13941343128681183","0.13941343128681183","0.13941343128681183","845","845","845"
"84699","0.15003016591072083","0.15003016591072083","0.15003016591072083","846","846","846"
"84799","0.1434500515460968","0.1434500515460968","0.1434500515460968","847","847","847"
"84899","0.14387430250644684","0.14387430250644684","0.14387430250644684","848","848","848"
"84999","0.14496858417987823","0.14496858417987823","0.14496858417987823","849","849","849"
"85099","0.14568093419075012","0.14568093419075012","0.14568093419075012","850","850","850"
"85199","0.15155315399169922","0.15155315399169922","0.15155315399169922","851","851","851"
"85299","0.1424761414527893","0.1424761414527893","0.1424761414527893","852","852","852"
"85399","0.1477765291929245","0.1477765291929245","0.1477765291929245","853","853","853"
"85499","0.14532870054244995","0.14532870054244995","0.14532870054244995","854","854","854"
"85599","0.14241182804107666","0.14241182804107666","0.14241182804107666","855","855","855"
"85699","0.13085556030273438","0.13085556030273438","0.13085556030273438","856","856","856"
"85799","0.14176860451698303","0.14176860451698303","0.14176860451698303","857","857","857"
"85899","0.14401377737522125","0.14401377737522125","0.14401377737522125","858","858","858"
"85999","0.1606280505657196","0.1606280505657196","0.1606280505657196","859","859","859"
"86099","0.14351141452789307","0.14351141452789307","0.14351141452789307","860","860","860"
"86199","0.14787469804286957","0.14787469804286957","0.14787469804286957","861","861","861"
"86299","0.14281180500984192","0.14281180500984192","0.14281180500984192","862","862","862"
"86399","0.14098413288593292","0.14098413288593292","0.14098413288593292","863","863","863"
"86499","0.14599210023880005","0.14599210023880005","0.14599210023880005","864","864","864"
"86599","0.1523415595293045","0.1523415595293045","0.1523415595293045","865","865","865"
"86699","0.14781518280506134","0.14781518280506134","0.14781518280506134","866","866","866"
"86799","0.14066153764724731","0.14066153764724731","0.14066153764724731","867","867","867"
"86899","0.13980500400066376","0.13980500400066376","0.13980500400066376","868","868","868"
"86999","0.14862175285816193","0.14862175285816193","0.14862175285816193","869","869","869"
"87099","0.1497489959001541","0.1497489959001541","0.1497489959001541","870","870","870"
"87199","0.1540824919939041","0.1540824919939041","0.1540824919939041","871","871","871"
"87299","0.1475403755903244","0.1475403755903244","0.1475403755903244","872","872","872"
"87399","0.1504504233598709","0.1504504233598709","0.1504504233598709","873","873","873"
"87499","0.14829105138778687","0.14829105138778687","0.14829105138778687","874","874","874"
"87599","0.15734227001667023","0.15734227001667023","0.15734227001667023","875","875","875"
"87699","0.1468333750963211","0.1468333750963211","0.1468333750963211","876","876","876"
"87799","0.1454182118177414","0.1454182118177414","0.1454182118177414","877","877","877"
"87899","0.14643928408622742","0.14643928408622742","0.14643928408622742","878","878","878"
"87999","0.15002332627773285","0.15002332627773285","0.15002332627773285","879","879","879"
"88099","0.14970143139362335","0.14970143139362335","0.14970143139362335","880","880","880"
"88199","0.13688726723194122","0.13688726723194122","0.13688726723194122","881","881","881"
"88299","0.13211795687675476","0.13211795687675476","0.13211795687675476","882","882","882"
"88399","0.1476525217294693","0.1476525217294693","0.1476525217294693","883","883","883"
"88499","0.14524365961551666","0.14524365961551666","0.14524365961551666","884","884","884"
"88599","0.14266131818294525","0.14266131818294525","0.14266131818294525","885","885","885"
"88699","0.15410883724689484","0.15410883724689484","0.15410883724689484","886","886","886"
"88799","0.14806286990642548","0.14806286990642548","0.14806286990642548","887","887","887"
"88899","0.14378099143505096","0.14378099143505096","0.14378099143505096","888","888","888"
"88999","0.14658430218696594","0.14658430218696594","0.14658430218696594","889","889","889"
"89099","0.14506274461746216","0.14506274461746216","0.14506274461746216","890","890","890"
"89199","0.14789970219135284","0.14789970219135284","0.14789970219135284","891","891","891"
"89299","0.14562372863292694","0.14562372863292694","0.14562372863292694","892","892","892"
"89399","0.13586890697479248","0.13586890697479248","0.13586890697479248","893","893","893"
"89499","0.13778796792030334","0.13778796792030334","0.13778796792030334","894","894","894"
"89599","0.14202360808849335","0.14202360808849335","0.14202360808849335","895","895","895"
"89699","0.14468663930892944","0.14468663930892944","0.14468663930892944","896","896","896"
"89799","0.14909274876117706","0.14909274876117706","0.14909274876117706","897","897","897"
"89899","0.14248834550380707","0.14248834550380707","0.14248834550380707","898","898","898"
"89999","0.14132486283779144","0.14132486283779144","0.14132486283779144","899","899","899"
"90099","0.13867735862731934","0.13867735862731934","0.13867735862731934","900","900","900"
"90199","0.1516541987657547","0.1516541987657547","0.1516541987657547","901","901","901"
"90299","0.1417003870010376","0.1417003870010376","0.1417003870010376","902","902","902"
"90399","0.14934107661247253","0.14934107661247253","0.14934107661247253","903","903","903"
"90499","0.13494999706745148","0.13494999706745148","0.13494999706745148","904","904","904"
"90599","0.1376800239086151","0.1376800239086151","0.1376800239086151","905","905","905"
"90699","0.13535329699516296","0.13535329699516296","0.13535329699516296","906","906","906"
"90799","0.13587117195129395","0.13587117195129395","0.13587117195129395","907","907","907"
"90899","0.1422707587480545","0.1422707587480545","0.1422707587480545","908","908","908"
"90999","0.13778091967105865","0.13778091967105865","0.13778091967105865","909","909","909"
"91099","0.14582398533821106","0.14582398533821106","0.14582398533821106","910","910","910"
"91199","0.13618989288806915","0.13618989288806915","0.13618989288806915","911","911","911"
"91299","0.14288604259490967","0.14288604259490967","0.14288604259490967","912","912","912"
"91399","0.14915265142917633","0.14915265142917633","0.14915265142917633","913","913","913"
"91499","0.1387195885181427","0.1387195885181427","0.1387195885181427","914","914","914"
"91599","0.14599664509296417","0.14599664509296417","0.14599664509296417","915","915","915"
"91699","0.14798066020011902","0.14798066020011902","0.14798066020011902","916","916","916"
"91799","0.13794055581092834","0.13794055581092834","0.13794055581092834","917","917","917"
"91899","0.14364825189113617","0.14364825189113617","0.14364825189113617","918","918","918"
"91999","0.14044266939163208","0.14044266939163208","0.14044266939163208","919","919","919"
"92099","0.14442606270313263","0.14442606270313263","0.14442606270313263","920","920","920"
"92199","0.14889203011989594","0.14889203011989594","0.14889203011989594","921","921","921"
"92299","0.14393237233161926","0.14393237233161926","0.14393237233161926","922","922","922"
"92399","0.13880135118961334","0.13880135118961334","0.13880135118961334","923","923","923"
"92499","0.13940848410129547","0.13940848410129547","0.13940848410129547","924","924","924"
"92599","0.145593523979187","0.145593523979187","0.145593523979187","925","925","925"
"92699","0.1595112830400467","0.1595112830400467","0.1595112830400467","926","926","926"
"92799","0.14492586255073547","0.14492586255073547","0.14492586255073547","927","927","927"
"92899","0.14654602110385895","0.14654602110385895","0.14654602110385895","928","928","928"
"92999","0.14333228766918182","0.14333228766918182","0.14333228766918182","929","929","929"
"93099","0.14904063940048218","0.14904063940048218","0.14904063940048218","930","930","930"
"93199","0.14728955924510956","0.14728955924510956","0.14728955924510956","931","931","931"
"93299","0.13906122744083405","0.13906122744083405","0.13906122744083405","932","932","932"
"93399","0.14267954230308533","0.14267954230308533","0.14267954230308533","933","933","933"
"93499","0.1592121124267578","0.1592121124267578","0.1592121124267578","934","934","934"
"93599","0.15071168541908264","0.15071168541908264","0.15071168541908264","935","935","935"
"93699","0.14639419317245483","0.14639419317245483","0.14639419317245483","936","936","936"
"93799","0.13649508357048035","0.13649508357048035","0.13649508357048035","937","937","937"
"93899","0.14323224127292633","0.14323224127292633","0.14323224127292633","938","938","938"
"93999","0.14630332589149475","0.14630332589149475","0.14630332589149475","939","939","939"
"94099","0.14667245745658875","0.14667245745658875","0.14667245745658875","940","940","940"
"94199","0.14485222101211548","0.14485222101211548","0.14485222101211548","941","941","941"
"94299","0.14910472929477692","0.14910472929477692","0.14910472929477692","942","942","942"
"94399","0.14203672111034393","0.14203672111034393","0.14203672111034393","943","943","943"
"94499","0.14853307604789734","0.14853307604789734","0.14853307604789734","944","944","944"
"94599","0.14169295132160187","0.14169295132160187","0.14169295132160187","945","945","945"
"94699","0.15008318424224854","0.15008318424224854","0.15008318424224854","946","946","946"
"94799","0.13902316987514496","0.13902316987514496","0.13902316987514496","947","947","947"
"94899","0.14128442108631134","0.14128442108631134","0.14128442108631134","948","948","948"
"94999","0.1479065716266632","0.1479065716266632","0.1479065716266632","949","949","949"
"95099","0.14379984140396118","0.14379984140396118","0.14379984140396118","950","950","950"
"95199","0.1393628865480423","0.1393628865480423","0.1393628865480423","951","951","951"
"95299","0.13222871720790863","0.13222871720790863","0.13222871720790863","952","952","952"
"95399","0.140172079205513","0.140172079205513","0.140172079205513","953","953","953"
"95499","0.14236707985401154","0.14236707985401154","0.14236707985401154","954","954","954"
"95599","0.14804251492023468","0.14804251492023468","0.14804251492023468","955","955","955"
"95699","0.1449785679578781","0.1449785679578781","0.1449785679578781","956","956","956"
"95799","0.1431603729724884","0.1431603729724884","0.1431603729724884","957","957","957"
"95899","0.14089952409267426","0.14089952409267426","0.14089952409267426","958","958","958"
"95999","0.14428241550922394","0.14428241550922394","0.14428241550922394","959","959","959"
"96099","0.1408999264240265","0.1408999264240265","0.1408999264240265","960","960","960"
"96199","0.13750237226486206","0.13750237226486206","0.13750237226486206","961","961","961"
"96299","0.1437830626964569","0.1437830626964569","0.1437830626964569","962","962","962"
"96399","0.1305423527956009","0.1305423527956009","0.1305423527956009","963","963","963"
"96499","0.13613104820251465","0.13613104820251465","0.13613104820251465","964","964","964"
"96599","0.1380741149187088","0.1380741149187088","0.1380741149187088","965","965","965"
"96699","0.14205971360206604","0.14205971360206604","0.14205971360206604","966","966","966"
"96799","0.1451309323310852","0.1451309323310852","0.1451309323310852","967","967","967"
"96899","0.14302124083042145","0.14302124083042145","0.14302124083042145","968","968","968"
"96999","0.14241012930870056","0.14241012930870056","0.14241012930870056","969","969","969"
"97099","0.1362430453300476","0.1362430453300476","0.1362430453300476","970","970","970"
"97199","0.14387157559394836","0.14387157559394836","0.14387157559394836","971","971","971"
"97299","0.15550993382930756","0.15550993382930756","0.15550993382930756","972","972","972"
"97399","0.15603752434253693","0.15603752434253693","0.15603752434253693","973","973","973"
"97499","0.1494569331407547","0.1494569331407547","0.1494569331407547","974","974","974"
"97599","0.1365271359682083","0.1365271359682083","0.1365271359682083","975","975","975"
"97699","0.1375855952501297","0.1375855952501297","0.1375855952501297","976","976","976"
"97799","0.1387806385755539","0.1387806385755539","0.1387806385755539","977","977","977"
"97899","0.14746159315109253","0.14746159315109253","0.14746159315109253","978","978","978"
"97999","0.13732649385929108","0.13732649385929108","0.13732649385929108","979","979","979"
"98099","0.15012651681900024","0.15012651681900024","0.15012651681900024","980","980","980"
"98199","0.14074832201004028","0.14074832201004028","0.14074832201004028","981","981","981"
"98299","0.14269722998142242","0.14269722998142242","0.14269722998142242","982","982","982"
"98399","0.14539261162281036","0.14539261162281036","0.14539261162281036","983","983","983"
"98499","0.1367311179637909","0.1367311179637909","0.1367311179637909","984","984","984"
"98599","0.14464794099330902","0.14464794099330902","0.14464794099330902","985","985","985"
"98699","0.14074622094631195","0.14074622094631195","0.14074622094631195","986","986","986"
"98799","0.14356239140033722","0.14356239140033722","0.14356239140033722","987","987","987"
"98899","0.14322371780872345","0.14322371780872345","0.14322371780872345","988","988","988"
"98999","0.13997063040733337","0.13997063040733337","0.13997063040733337","989","989","989"
"99099","0.1423364132642746","0.1423364132642746","0.1423364132642746","990","990","990"
"99199","0.13474099338054657","0.13474099338054657","0.13474099338054657","991","991","991"
"99299","0.14390940964221954","0.14390940964221954","0.14390940964221954","992","992","992"
"99399","0.1393647938966751","0.1393647938966751","0.1393647938966751","993","993","993"
"99499","0.13296374678611755","0.13296374678611755","0.13296374678611755","994","994","994"
"99599","0.1408713161945343","0.1408713161945343","0.1408713161945343","995","995","995"
"99699","0.14530999958515167","0.14530999958515167","0.14530999958515167","996","996","996"
"99799","0.14018866419792175","0.14018866419792175","0.14018866419792175","997","997","997"
"99899","0.1468915045261383","0.1468915045261383","0.1468915045261383","998","998","998"
"99999","0.13866658508777618","0.13866658508777618","0.13866658508777618","999","999","999"
"100099","0.148489311337471","0.148489311337471","0.148489311337471","1000","1000","1000"
"100199","0.14612790942192078","0.14612790942192078","0.14612790942192078","1001","1001","1001"
"100299","0.14695687592029572","0.14695687592029572","0.14695687592029572","1002","1002","1002"
"100399","0.13339956104755402","0.13339956104755402","0.13339956104755402","1003","1003","1003"
"100499","0.14299090206623077","0.14299090206623077","0.14299090206623077","1004","1004","1004"
"100599","0.13950879871845245","0.13950879871845245","0.13950879871845245","1005","1005","1005"
"100699","0.13644424080848694","0.13644424080848694","0.13644424080848694","1006","1006","1006"
"100799","0.14871355891227722","0.14871355891227722","0.14871355891227722","1007","1007","1007"
"100899","0.14156383275985718","0.14156383275985718","0.14156383275985718","1008","1008","1008"
"100999","0.14706286787986755","0.14706286787986755","0.14706286787986755","1009","1009","1009"
"101099","0.14875169098377228","0.14875169098377228","0.14875169098377228","1010","1010","1010"
"101199","0.14449964463710785","0.14449964463710785","0.14449964463710785","1011","1011","1011"
"101299","0.14360371232032776","0.14360371232032776","0.14360371232032776","1012","1012","1012"
"101399","0.1404944658279419","0.1404944658279419","0.1404944658279419","1013","1013","1013"
"101499","0.13679446280002594","0.13679446280002594","0.13679446280002594","1014","1014","1014"
"101599","0.1405225694179535","0.1405225694179535","0.1405225694179535","1015","1015","1015"
"101699","0.1352684497833252","0.1352684497833252","0.1352684497833252","1016","1016","1016"
"101799","0.15580005943775177","0.15580005943775177","0.15580005943775177","1017","1017","1017"
"101899","0.13563045859336853","0.13563045859336853","0.13563045859336853","1018","1018","1018"
"101999","0.14537504315376282","0.14537504315376282","0.14537504315376282","1019","1019","1019"
"102099","0.14737312495708466","0.14737312495708466","0.14737312495708466","1020","1020","1020"
"102199","0.14406107366085052","0.14406107366085052","0.14406107366085052","1021","1021","1021"
"102299","0.14258776605129242","0.14258776605129242","0.14258776605129242","1022","1022","1022"
"102399","0.14337609708309174","0.14337609708309174","0.14337609708309174","1023","1023","1023"
"102499","0.14434033632278442","0.14434033632278442","0.14434033632278442","1024","1024","1024"
"102599","0.14349955320358276","0.14349955320358276","0.14349955320358276","1025","1025","1025"
"102699","0.1454494744539261","0.1454494744539261","0.1454494744539261","1026","1026","1026"
"102799","0.14132347702980042","0.14132347702980042","0.14132347702980042","1027","1027","1027"
"102899","0.14279498159885406","0.14279498159885406","0.14279498159885406","1028","1028","1028"
"102999","0.13071568310260773","0.13071568310260773","0.13071568310260773","1029","1029","1029"
"103099","0.14945055544376373","0.14945055544376373","0.14945055544376373","1030","1030","1030"
"103199","0.141821026802063","0.141821026802063","0.141821026802063","1031","1031","1031"
"103299","0.14783230423927307","0.14783230423927307","0.14783230423927307","1032","1032","1032"
"103399","0.1507176011800766","0.1507176011800766","0.1507176011800766","1033","1033","1033"
"103499","0.1438383311033249","0.1438383311033249","0.1438383311033249","1034","1034","1034"
"103599","0.1450323462486267","0.1450323462486267","0.1450323462486267","1035","1035","1035"
"103699","0.1355847418308258","0.1355847418308258","0.1355847418308258","1036","1036","1036"
"103799","0.14508546888828278","0.14508546888828278","0.14508546888828278","1037","1037","1037"
"103899","0.1384648233652115","0.1384648233652115","0.1384648233652115","1038","1038","1038"
"103999","0.14237003028392792","0.14237003028392792","0.14237003028392792","1039","1039","1039"
"104099","0.15391577780246735","0.15391577780246735","0.15391577780246735","1040","1040","1040"
"104199","0.14062568545341492","0.14062568545341492","0.14062568545341492","1041","1041","1041"
"104299","0.14403036236763","0.14403036236763","0.14403036236763","1042","1042","1042"
"104399","0.1449333280324936","0.1449333280324936","0.1449333280324936","1043","1043","1043"
"104499","0.13797949254512787","0.13797949254512787","0.13797949254512787","1044","1044","1044"
"104599","0.1449020951986313","0.1449020951986313","0.1449020951986313","1045","1045","1045"
"104699","0.1358295977115631","0.1358295977115631","0.1358295977115631","1046","1046","1046"
"104799","0.15251865983009338","0.15251865983009338","0.15251865983009338","1047","1047","1047"
"104899","0.13302791118621826","0.13302791118621826","0.13302791118621826","1048","1048","1048"
"104999","0.1484195739030838","0.1484195739030838","0.1484195739030838","1049","1049","1049"
"105099","0.1521625816822052","0.1521625816822052","0.1521625816822052","1050","1050","1050"
"105199","0.1516048163175583","0.1516048163175583","0.1516048163175583","1051","1051","1051"
"105299","0.14085929095745087","0.14085929095745087","0.14085929095745087","1052","1052","1052"
"105399","0.14616931974887848","0.14616931974887848","0.14616931974887848","1053","1053","1053"
"105499","0.13906723260879517","0.13906723260879517","0.13906723260879517","1054","1054","1054"
"105599","0.14555488526821136","0.14555488526821136","0.14555488526821136","1055","1055","1055"
"105699","0.13688483834266663","0.13688483834266663","0.13688483834266663","1056","1056","1056"
"105799","0.13506896793842316","0.13506896793842316","0.13506896793842316","1057","1057","1057"
"105899","0.12742705643177032","0.12742705643177032","0.12742705643177032","1058","1058","1058"
"105999","0.1541895568370819","0.1541895568370819","0.1541895568370819","1059","1059","1059"
"106099","0.13655953109264374","0.13655953109264374","0.13655953109264374","1060","1060","1060"
"106199","0.1389508843421936","0.1389508843421936","0.1389508843421936","1061","1061","1061"
"106299","0.14521420001983643","0.14521420001983643","0.14521420001983643","1062","1062","1062"
"106399","0.14147956669330597","0.14147956669330597","0.14147956669330597","1063","1063","1063"
"106499","0.14365893602371216","0.14365893602371216","0.14365893602371216","1064","1064","1064"
"106599","0.13420958817005157","0.13420958817005157","0.13420958817005157","1065","1065","1065"
"106699","0.14418835937976837","0.14418835937976837","0.14418835937976837","1066","1066","1066"
"106799","0.13931705057621002","0.13931705057621002","0.13931705057621002","1067","1067","1067"
"106899","0.137456476688385","0.137456476688385","0.137456476688385","1068","1068","1068"
"106999","0.1406816989183426","0.1406816989183426","0.1406816989183426","1069","1069","1069"