"trainer/global_step","optimalsinh_pt1 - train_loss","optimalsinh_pt1 - train_loss__MIN","optimalsinh_pt1 - train_loss__MAX","optimalsinh_pt1 - _step","optimalsinh_pt1 - _step__MIN","optimalsinh_pt1 - _step__MAX"
"99","0.2575809061527252","0.2575809061527252","0.2575809061527252","0","0","0"
"199","0.2359585464000702","0.2359585464000702","0.2359585464000702","1","1","1"
"299","0.22479148209095","0.22479148209095","0.22479148209095","2","2","2"
"399","0.22269903123378754","0.22269903123378754","0.22269903123378754","3","3","3"
"499","0.20602113008499146","0.20602113008499146","0.20602113008499146","4","4","4"
"599","0.206462100148201","0.206462100148201","0.206462100148201","5","5","5"
"699","0.20732446014881134","0.20732446014881134","0.20732446014881134","6","6","6"
"799","0.19795182347297668","0.19795182347297668","0.19795182347297668","7","7","7"
"899","0.19920498132705688","0.19920498132705688","0.19920498132705688","8","8","8"
"999","0.20421920716762543","0.20421920716762543","0.20421920716762543","9","9","9"
"1099","0.19979944825172424","0.19979944825172424","0.19979944825172424","10","10","10"
"1199","0.1941337287425995","0.1941337287425995","0.1941337287425995","11","11","11"
"1299","0.20122750103473663","0.20122750103473663","0.20122750103473663","12","12","12"
"1399","0.20247305929660797","0.20247305929660797","0.20247305929660797","13","13","13"
"1499","0.1859288215637207","0.1859288215637207","0.1859288215637207","14","14","14"
"1599","0.19956332445144653","0.19956332445144653","0.19956332445144653","15","15","15"
"1699","0.19123618304729462","0.19123618304729462","0.19123618304729462","16","16","16"
"1799","0.20545756816864014","0.20545756816864014","0.20545756816864014","17","17","17"
"1899","0.18424469232559204","0.18424469232559204","0.18424469232559204","18","18","18"
"1999","0.1831711083650589","0.1831711083650589","0.1831711083650589","19","19","19"
"2099","0.18991941213607788","0.18991941213607788","0.18991941213607788","20","20","20"
"2199","0.1829340159893036","0.1829340159893036","0.1829340159893036","21","21","21"
"2299","0.19754083454608917","0.19754083454608917","0.19754083454608917","22","22","22"
"2399","0.18406736850738525","0.18406736850738525","0.18406736850738525","23","23","23"
"2499","0.18317371606826782","0.18317371606826782","0.18317371606826782","24","24","24"
"2599","0.1775955855846405","0.1775955855846405","0.1775955855846405","25","25","25"
"2699","0.1892315000295639","0.1892315000295639","0.1892315000295639","26","26","26"
"2799","0.18524737656116486","0.18524737656116486","0.18524737656116486","27","27","27"
"2899","0.1912480741739273","0.1912480741739273","0.1912480741739273","28","28","28"
"2999","0.18082645535469055","0.18082645535469055","0.18082645535469055","29","29","29"
"3099","0.16887372732162476","0.16887372732162476","0.16887372732162476","30","30","30"
"3199","0.1821586638689041","0.1821586638689041","0.1821586638689041","31","31","31"
"3299","0.1846894472837448","0.1846894472837448","0.1846894472837448","32","32","32"
"3399","0.18426257371902466","0.18426257371902466","0.18426257371902466","33","33","33"
"3499","0.1778702288866043","0.1778702288866043","0.1778702288866043","34","34","34"
"3599","0.17842444777488708","0.17842444777488708","0.17842444777488708","35","35","35"
"3699","0.17206186056137085","0.17206186056137085","0.17206186056137085","36","36","36"
"3799","0.17387062311172485","0.17387062311172485","0.17387062311172485","37","37","37"
"3899","0.18143823742866516","0.18143823742866516","0.18143823742866516","38","38","38"
"3999","0.17191073298454285","0.17191073298454285","0.17191073298454285","39","39","39"
"4099","0.17409449815750122","0.17409449815750122","0.17409449815750122","40","40","40"
"4199","0.17817002534866333","0.17817002534866333","0.17817002534866333","41","41","41"
"4299","0.18850162625312805","0.18850162625312805","0.18850162625312805","42","42","42"
"4399","0.19006399810314178","0.19006399810314178","0.19006399810314178","43","43","43"
"4499","0.1779869645833969","0.1779869645833969","0.1779869645833969","44","44","44"
"4599","0.1724972426891327","0.1724972426891327","0.1724972426891327","45","45","45"
"4699","0.1722245067358017","0.1722245067358017","0.1722245067358017","46","46","46"
"4799","0.1775505691766739","0.1775505691766739","0.1775505691766739","47","47","47"
"4899","0.18804721534252167","0.18804721534252167","0.18804721534252167","48","48","48"
"4999","0.16998456418514252","0.16998456418514252","0.16998456418514252","49","49","49"
"5099","0.1848839372396469","0.1848839372396469","0.1848839372396469","50","50","50"
"5199","0.18389974534511566","0.18389974534511566","0.18389974534511566","51","51","51"
"5299","0.17684030532836914","0.17684030532836914","0.17684030532836914","52","52","52"
"5399","0.17337189614772797","0.17337189614772797","0.17337189614772797","53","53","53"
"5499","0.1798427700996399","0.1798427700996399","0.1798427700996399","54","54","54"
"5599","0.17357200384140015","0.17357200384140015","0.17357200384140015","55","55","55"
"5699","0.16467562317848206","0.16467562317848206","0.16467562317848206","56","56","56"
"5799","0.17968527972698212","0.17968527972698212","0.17968527972698212","57","57","57"
"5899","0.1776912361383438","0.1776912361383438","0.1776912361383438","58","58","58"
"5999","0.17325641214847565","0.17325641214847565","0.17325641214847565","59","59","59"
"6099","0.18820136785507202","0.18820136785507202","0.18820136785507202","60","60","60"
"6199","0.18546846508979797","0.18546846508979797","0.18546846508979797","61","61","61"
"6299","0.17459392547607422","0.17459392547607422","0.17459392547607422","62","62","62"
"6399","0.1825544536113739","0.1825544536113739","0.1825544536113739","63","63","63"
"6499","0.1704157143831253","0.1704157143831253","0.1704157143831253","64","64","64"
"6599","0.18100090324878693","0.18100090324878693","0.18100090324878693","65","65","65"
"6699","0.17394892871379852","0.17394892871379852","0.17394892871379852","66","66","66"
"6799","0.17669208347797394","0.17669208347797394","0.17669208347797394","67","67","67"
"6899","0.178212508559227","0.178212508559227","0.178212508559227","68","68","68"
"6999","0.17838621139526367","0.17838621139526367","0.17838621139526367","69","69","69"
"7099","0.16315162181854248","0.16315162181854248","0.16315162181854248","70","70","70"
"7199","0.17585010826587677","0.17585010826587677","0.17585010826587677","71","71","71"
"7299","0.17426897585391998","0.17426897585391998","0.17426897585391998","72","72","72"
"7399","0.1734992414712906","0.1734992414712906","0.1734992414712906","73","73","73"
"7499","0.17464841902256012","0.17464841902256012","0.17464841902256012","74","74","74"
"7599","0.17644362151622772","0.17644362151622772","0.17644362151622772","75","75","75"
"7699","0.1720164716243744","0.1720164716243744","0.1720164716243744","76","76","76"
"7799","0.17459173500537872","0.17459173500537872","0.17459173500537872","77","77","77"
"7899","0.17162057757377625","0.17162057757377625","0.17162057757377625","78","78","78"
"7999","0.17305520176887512","0.17305520176887512","0.17305520176887512","79","79","79"
"8099","0.17287035286426544","0.17287035286426544","0.17287035286426544","80","80","80"
"8199","0.17486754059791565","0.17486754059791565","0.17486754059791565","81","81","81"
"8299","0.17358393967151642","0.17358393967151642","0.17358393967151642","82","82","82"
"8399","0.18225392699241638","0.18225392699241638","0.18225392699241638","83","83","83"
"8499","0.1783563196659088","0.1783563196659088","0.1783563196659088","84","84","84"
"8599","0.1705784648656845","0.1705784648656845","0.1705784648656845","85","85","85"
"8699","0.1799243539571762","0.1799243539571762","0.1799243539571762","86","86","86"
"8799","0.17602655291557312","0.17602655291557312","0.17602655291557312","87","87","87"
"8899","0.1778731346130371","0.1778731346130371","0.1778731346130371","88","88","88"
"8999","0.173457071185112","0.173457071185112","0.173457071185112","89","89","89"
"9099","0.16588899493217468","0.16588899493217468","0.16588899493217468","90","90","90"
"9199","0.16989153623580933","0.16989153623580933","0.16989153623580933","91","91","91"
"9299","0.17211204767227173","0.17211204767227173","0.17211204767227173","92","92","92"
"9399","0.1767546832561493","0.1767546832561493","0.1767546832561493","93","93","93"
"9499","0.17660553753376007","0.17660553753376007","0.17660553753376007","94","94","94"
"9599","0.1699511706829071","0.1699511706829071","0.1699511706829071","95","95","95"
"9699","0.17319269478321075","0.17319269478321075","0.17319269478321075","96","96","96"
"9799","0.1692180186510086","0.1692180186510086","0.1692180186510086","97","97","97"
"9899","0.16965219378471375","0.16965219378471375","0.16965219378471375","98","98","98"
"9999","0.16672225296497345","0.16672225296497345","0.16672225296497345","99","99","99"
"10099","0.1730024367570877","0.1730024367570877","0.1730024367570877","100","100","100"
"10199","0.17650482058525085","0.17650482058525085","0.17650482058525085","101","101","101"
"10299","0.1756742298603058","0.1756742298603058","0.1756742298603058","102","102","102"
"10399","0.17667602002620697","0.17667602002620697","0.17667602002620697","103","103","103"
"10499","0.1665402352809906","0.1665402352809906","0.1665402352809906","104","104","104"
"10599","0.17041634023189545","0.17041634023189545","0.17041634023189545","105","105","105"
"10699","0.17279653251171112","0.17279653251171112","0.17279653251171112","106","106","106"
"10799","0.1594592034816742","0.1594592034816742","0.1594592034816742","107","107","107"
"10899","0.17530862987041473","0.17530862987041473","0.17530862987041473","108","108","108"
"10999","0.16718783974647522","0.16718783974647522","0.16718783974647522","109","109","109"
"11099","0.1707548350095749","0.1707548350095749","0.1707548350095749","110","110","110"
"11199","0.17872454226016998","0.17872454226016998","0.17872454226016998","111","111","111"
"11299","0.17226777970790863","0.17226777970790863","0.17226777970790863","112","112","112"
"11399","0.1689184606075287","0.1689184606075287","0.1689184606075287","113","113","113"
"11499","0.17159907519817352","0.17159907519817352","0.17159907519817352","114","114","114"
"11599","0.16604924201965332","0.16604924201965332","0.16604924201965332","115","115","115"
"11699","0.1751377135515213","0.1751377135515213","0.1751377135515213","116","116","116"
"11799","0.16864080727100372","0.16864080727100372","0.16864080727100372","117","117","117"
"11899","0.16629627346992493","0.16629627346992493","0.16629627346992493","118","118","118"
"11999","0.1699165552854538","0.1699165552854538","0.1699165552854538","119","119","119"
"12099","0.17070598900318146","0.17070598900318146","0.17070598900318146","120","120","120"
"12199","0.16895098984241486","0.16895098984241486","0.16895098984241486","121","121","121"
"12299","0.1632547825574875","0.1632547825574875","0.1632547825574875","122","122","122"
"12399","0.1643737405538559","0.1643737405538559","0.1643737405538559","123","123","123"
"12499","0.17462602257728577","0.17462602257728577","0.17462602257728577","124","124","124"
"12599","0.16879813373088837","0.16879813373088837","0.16879813373088837","125","125","125"
"12699","0.17196454107761383","0.17196454107761383","0.17196454107761383","126","126","126"
"12799","0.16564497351646423","0.16564497351646423","0.16564497351646423","127","127","127"
"12899","0.16652600467205048","0.16652600467205048","0.16652600467205048","128","128","128"
"12999","0.175101175904274","0.175101175904274","0.175101175904274","129","129","129"
"13099","0.17422610521316528","0.17422610521316528","0.17422610521316528","130","130","130"
"13199","0.19003836810588837","0.19003836810588837","0.19003836810588837","131","131","131"
"13299","0.16464771330356598","0.16464771330356598","0.16464771330356598","132","132","132"
"13399","0.18151850998401642","0.18151850998401642","0.18151850998401642","133","133","133"
"13499","0.17116111516952515","0.17116111516952515","0.17116111516952515","134","134","134"
"13599","0.17054983973503113","0.17054983973503113","0.17054983973503113","135","135","135"
"13699","0.16607530415058136","0.16607530415058136","0.16607530415058136","136","136","136"
"13799","0.16116340458393097","0.16116340458393097","0.16116340458393097","137","137","137"
"13899","0.156883105635643","0.156883105635643","0.156883105635643","138","138","138"
"13999","0.17154887318611145","0.17154887318611145","0.17154887318611145","139","139","139"
"14099","0.16439767181873322","0.16439767181873322","0.16439767181873322","140","140","140"
"14199","0.17100019752979279","0.17100019752979279","0.17100019752979279","141","141","141"
"14299","0.16469603776931763","0.16469603776931763","0.16469603776931763","142","142","142"
"14399","0.1676366627216339","0.1676366627216339","0.1676366627216339","143","143","143"
"14499","0.15640509128570557","0.15640509128570557","0.15640509128570557","144","144","144"
"14599","0.16395613551139832","0.16395613551139832","0.16395613551139832","145","145","145"
"14699","0.16468317806720734","0.16468317806720734","0.16468317806720734","146","146","146"
"14799","0.16731493175029755","0.16731493175029755","0.16731493175029755","147","147","147"
"14899","0.1690671443939209","0.1690671443939209","0.1690671443939209","148","148","148"
"14999","0.16729538142681122","0.16729538142681122","0.16729538142681122","149","149","149"
"15099","0.1696157455444336","0.1696157455444336","0.1696157455444336","150","150","150"
"15199","0.16466189920902252","0.16466189920902252","0.16466189920902252","151","151","151"
"15299","0.16632603108882904","0.16632603108882904","0.16632603108882904","152","152","152"
"15399","0.17449845373630524","0.17449845373630524","0.17449845373630524","153","153","153"
"15499","0.17430785298347473","0.17430785298347473","0.17430785298347473","154","154","154"
"15599","0.16699397563934326","0.16699397563934326","0.16699397563934326","155","155","155"
"15699","0.1799599677324295","0.1799599677324295","0.1799599677324295","156","156","156"
"15799","0.16936776041984558","0.16936776041984558","0.16936776041984558","157","157","157"
"15899","0.15976884961128235","0.15976884961128235","0.15976884961128235","158","158","158"
"15999","0.1617976725101471","0.1617976725101471","0.1617976725101471","159","159","159"
"16099","0.1591353416442871","0.1591353416442871","0.1591353416442871","160","160","160"
"16199","0.16174346208572388","0.16174346208572388","0.16174346208572388","161","161","161"
"16299","0.16187825798988342","0.16187825798988342","0.16187825798988342","162","162","162"
"16399","0.17047001421451569","0.17047001421451569","0.17047001421451569","163","163","163"
"16499","0.16080757975578308","0.16080757975578308","0.16080757975578308","164","164","164"
"16599","0.17558254301548004","0.17558254301548004","0.17558254301548004","165","165","165"
"16699","0.17400270700454712","0.17400270700454712","0.17400270700454712","166","166","166"
"16799","0.15933017432689667","0.15933017432689667","0.15933017432689667","167","167","167"
"16899","0.17059041559696198","0.17059041559696198","0.17059041559696198","168","168","168"
"16999","0.160482257604599","0.160482257604599","0.160482257604599","169","169","169"
"17099","0.16207130253314972","0.16207130253314972","0.16207130253314972","170","170","170"
"17199","0.15942735970020294","0.15942735970020294","0.15942735970020294","171","171","171"
"17299","0.1676466464996338","0.1676466464996338","0.1676466464996338","172","172","172"
"17399","0.16746143996715546","0.16746143996715546","0.16746143996715546","173","173","173"
"17499","0.15513642132282257","0.15513642132282257","0.15513642132282257","174","174","174"
"17599","0.16592153906822205","0.16592153906822205","0.16592153906822205","175","175","175"
"17699","0.16330759227275848","0.16330759227275848","0.16330759227275848","176","176","176"
"17799","0.17096185684204102","0.17096185684204102","0.17096185684204102","177","177","177"
"17899","0.1629335731267929","0.1629335731267929","0.1629335731267929","178","178","178"
"17999","0.16169878840446472","0.16169878840446472","0.16169878840446472","179","179","179"
"18099","0.16017456352710724","0.16017456352710724","0.16017456352710724","180","180","180"
"18199","0.1611749827861786","0.1611749827861786","0.1611749827861786","181","181","181"
"18299","0.16050727665424347","0.16050727665424347","0.16050727665424347","182","182","182"
"18399","0.16382071375846863","0.16382071375846863","0.16382071375846863","183","183","183"
"18499","0.16779763996601105","0.16779763996601105","0.16779763996601105","184","184","184"
"18599","0.16211843490600586","0.16211843490600586","0.16211843490600586","185","185","185"
"18699","0.1689274162054062","0.1689274162054062","0.1689274162054062","186","186","186"
"18799","0.16464705765247345","0.16464705765247345","0.16464705765247345","187","187","187"
"18899","0.16944973170757294","0.16944973170757294","0.16944973170757294","188","188","188"
"18999","0.17299067974090576","0.17299067974090576","0.17299067974090576","189","189","189"
"19099","0.1633463203907013","0.1633463203907013","0.1633463203907013","190","190","190"
"19199","0.1656545251607895","0.1656545251607895","0.1656545251607895","191","191","191"
"19299","0.1641954481601715","0.1641954481601715","0.1641954481601715","192","192","192"
"19399","0.1655540019273758","0.1655540019273758","0.1655540019273758","193","193","193"
"19499","0.16174530982971191","0.16174530982971191","0.16174530982971191","194","194","194"
"19599","0.15877045691013336","0.15877045691013336","0.15877045691013336","195","195","195"
"19699","0.1698421686887741","0.1698421686887741","0.1698421686887741","196","196","196"
"19799","0.1658279448747635","0.1658279448747635","0.1658279448747635","197","197","197"
"19899","0.17226769030094147","0.17226769030094147","0.17226769030094147","198","198","198"
"19999","0.17030449211597443","0.17030449211597443","0.17030449211597443","199","199","199"
"20099","0.15554261207580566","0.15554261207580566","0.15554261207580566","200","200","200"
"20199","0.1634606122970581","0.1634606122970581","0.1634606122970581","201","201","201"
"20299","0.16525502502918243","0.16525502502918243","0.16525502502918243","202","202","202"
"20399","0.16246271133422852","0.16246271133422852","0.16246271133422852","203","203","203"
"20499","0.1596633940935135","0.1596633940935135","0.1596633940935135","204","204","204"
"20599","0.16268418729305267","0.16268418729305267","0.16268418729305267","205","205","205"
"20699","0.16781489551067352","0.16781489551067352","0.16781489551067352","206","206","206"
"20799","0.16397725045681","0.16397725045681","0.16397725045681","207","207","207"
"20899","0.1658092588186264","0.1658092588186264","0.1658092588186264","208","208","208"
"20999","0.1555226594209671","0.1555226594209671","0.1555226594209671","209","209","209"
"21099","0.16923518478870392","0.16923518478870392","0.16923518478870392","210","210","210"
"21199","0.1536412090063095","0.1536412090063095","0.1536412090063095","211","211","211"
"21299","0.16633720695972443","0.16633720695972443","0.16633720695972443","212","212","212"
"21399","0.17029988765716553","0.17029988765716553","0.17029988765716553","213","213","213"
"21499","0.14953479170799255","0.14953479170799255","0.14953479170799255","214","214","214"
"21599","0.15879066288471222","0.15879066288471222","0.15879066288471222","215","215","215"
"21699","0.16147179901599884","0.16147179901599884","0.16147179901599884","216","216","216"
"21799","0.16454468667507172","0.16454468667507172","0.16454468667507172","217","217","217"
"21899","0.1621270477771759","0.1621270477771759","0.1621270477771759","218","218","218"
"21999","0.15631075203418732","0.15631075203418732","0.15631075203418732","219","219","219"
"22099","0.16294188797473907","0.16294188797473907","0.16294188797473907","220","220","220"
"22199","0.15389962494373322","0.15389962494373322","0.15389962494373322","221","221","221"
"22299","0.1636967808008194","0.1636967808008194","0.1636967808008194","222","222","222"
"22399","0.1713847517967224","0.1713847517967224","0.1713847517967224","223","223","223"
"22499","0.15826931595802307","0.15826931595802307","0.15826931595802307","224","224","224"
"22599","0.16736862063407898","0.16736862063407898","0.16736862063407898","225","225","225"
"22699","0.16171035170555115","0.16171035170555115","0.16171035170555115","226","226","226"
"22799","0.15692146122455597","0.15692146122455597","0.15692146122455597","227","227","227"
"22899","0.15788541734218597","0.15788541734218597","0.15788541734218597","228","228","228"
"22999","0.1633637696504593","0.1633637696504593","0.1633637696504593","229","229","229"
"23099","0.156092569231987","0.156092569231987","0.156092569231987","230","230","230"
"23199","0.16304822266101837","0.16304822266101837","0.16304822266101837","231","231","231"
"23299","0.17514173686504364","0.17514173686504364","0.17514173686504364","232","232","232"
"23399","0.16608096659183502","0.16608096659183502","0.16608096659183502","233","233","233"
"23499","0.16753432154655457","0.16753432154655457","0.16753432154655457","234","234","234"
"23599","0.16227757930755615","0.16227757930755615","0.16227757930755615","235","235","235"
"23699","0.15773393213748932","0.15773393213748932","0.15773393213748932","236","236","236"
"23799","0.16907289624214172","0.16907289624214172","0.16907289624214172","237","237","237"
"23899","0.16655242443084717","0.16655242443084717","0.16655242443084717","238","238","238"
"23999","0.17656683921813965","0.17656683921813965","0.17656683921813965","239","239","239"
"24099","0.16672728955745697","0.16672728955745697","0.16672728955745697","240","240","240"
"24199","0.14668887853622437","0.14668887853622437","0.14668887853622437","241","241","241"
"24299","0.16555483639240265","0.16555483639240265","0.16555483639240265","242","242","242"
"24399","0.16435182094573975","0.16435182094573975","0.16435182094573975","243","243","243"
"24499","0.1730019599199295","0.1730019599199295","0.1730019599199295","244","244","244"
"24599","0.16202260553836823","0.16202260553836823","0.16202260553836823","245","245","245"
"24699","0.1569640040397644","0.1569640040397644","0.1569640040397644","246","246","246"
"24799","0.16652324795722961","0.16652324795722961","0.16652324795722961","247","247","247"
"24899","0.1690635234117508","0.1690635234117508","0.1690635234117508","248","248","248"
"24999","0.16560326516628265","0.16560326516628265","0.16560326516628265","249","249","249"
"25099","0.16790476441383362","0.16790476441383362","0.16790476441383362","250","250","250"
"25199","0.16565601527690887","0.16565601527690887","0.16565601527690887","251","251","251"
"25299","0.15685534477233887","0.15685534477233887","0.15685534477233887","252","252","252"
"25399","0.15937931835651398","0.15937931835651398","0.15937931835651398","253","253","253"
"25499","0.1591242551803589","0.1591242551803589","0.1591242551803589","254","254","254"
"25599","0.15924490988254547","0.15924490988254547","0.15924490988254547","255","255","255"
"25699","0.17165224254131317","0.17165224254131317","0.17165224254131317","256","256","256"
"25799","0.15258744359016418","0.15258744359016418","0.15258744359016418","257","257","257"
"25899","0.15879042446613312","0.15879042446613312","0.15879042446613312","258","258","258"
"25999","0.17076599597930908","0.17076599597930908","0.17076599597930908","259","259","259"
"26099","0.165082648396492","0.165082648396492","0.165082648396492","260","260","260"
"26199","0.16556699573993683","0.16556699573993683","0.16556699573993683","261","261","261"
"26299","0.16528204083442688","0.16528204083442688","0.16528204083442688","262","262","262"
"26399","0.16323630511760712","0.16323630511760712","0.16323630511760712","263","263","263"
"26499","0.16296660900115967","0.16296660900115967","0.16296660900115967","264","264","264"
"26599","0.16283103823661804","0.16283103823661804","0.16283103823661804","265","265","265"
"26699","0.1636938601732254","0.1636938601732254","0.1636938601732254","266","266","266"
"26799","0.15461356937885284","0.15461356937885284","0.15461356937885284","267","267","267"
"26899","0.15717926621437073","0.15717926621437073","0.15717926621437073","268","268","268"
"26999","0.16050498187541962","0.16050498187541962","0.16050498187541962","269","269","269"
"27099","0.16334086656570435","0.16334086656570435","0.16334086656570435","270","270","270"
"27199","0.1667308658361435","0.1667308658361435","0.1667308658361435","271","271","271"
"27299","0.16060836613178253","0.16060836613178253","0.16060836613178253","272","272","272"
"27399","0.15881292521953583","0.15881292521953583","0.15881292521953583","273","273","273"
"27499","0.15356232225894928","0.15356232225894928","0.15356232225894928","274","274","274"
"27599","0.1668877899646759","0.1668877899646759","0.1668877899646759","275","275","275"
"27699","0.15577565133571625","0.15577565133571625","0.15577565133571625","276","276","276"
"27799","0.16862832009792328","0.16862832009792328","0.16862832009792328","277","277","277"
"27899","0.16610124707221985","0.16610124707221985","0.16610124707221985","278","278","278"
"27999","0.16948328912258148","0.16948328912258148","0.16948328912258148","279","279","279"
"28099","0.17216438055038452","0.17216438055038452","0.17216438055038452","280","280","280"
"28199","0.15824249386787415","0.15824249386787415","0.15824249386787415","281","281","281"
"28299","0.16201122105121613","0.16201122105121613","0.16201122105121613","282","282","282"
"28399","0.15813100337982178","0.15813100337982178","0.15813100337982178","283","283","283"
"28499","0.15732431411743164","0.15732431411743164","0.15732431411743164","284","284","284"
"28599","0.16476988792419434","0.16476988792419434","0.16476988792419434","285","285","285"
"28699","0.15748412907123566","0.15748412907123566","0.15748412907123566","286","286","286"
"28799","0.1608477681875229","0.1608477681875229","0.1608477681875229","287","287","287"
"28899","0.16517505049705505","0.16517505049705505","0.16517505049705505","288","288","288"
"28999","0.15937907993793488","0.15937907993793488","0.15937907993793488","289","289","289"
"29099","0.16159175336360931","0.16159175336360931","0.16159175336360931","290","290","290"
"29199","0.16029104590415955","0.16029104590415955","0.16029104590415955","291","291","291"
"29299","0.1564415842294693","0.1564415842294693","0.1564415842294693","292","292","292"
"29399","0.16186216473579407","0.16186216473579407","0.16186216473579407","293","293","293"
"29499","0.15924072265625","0.15924072265625","0.15924072265625","294","294","294"
"29599","0.15396712720394135","0.15396712720394135","0.15396712720394135","295","295","295"
"29699","0.15546226501464844","0.15546226501464844","0.15546226501464844","296","296","296"
"29799","0.16022513806819916","0.16022513806819916","0.16022513806819916","297","297","297"
"29899","0.15005023777484894","0.15005023777484894","0.15005023777484894","298","298","298"
"29999","0.16230151057243347","0.16230151057243347","0.16230151057243347","299","299","299"
"30099","0.15476921200752258","0.15476921200752258","0.15476921200752258","300","300","300"
"30199","0.1655491143465042","0.1655491143465042","0.1655491143465042","301","301","301"
"30299","0.16173699498176575","0.16173699498176575","0.16173699498176575","302","302","302"
"30399","0.16551165282726288","0.16551165282726288","0.16551165282726288","303","303","303"
"30499","0.16288770735263824","0.16288770735263824","0.16288770735263824","304","304","304"
"30599","0.15414361655712128","0.15414361655712128","0.15414361655712128","305","305","305"
"30699","0.1636204719543457","0.1636204719543457","0.1636204719543457","306","306","306"
"30799","0.16680794954299927","0.16680794954299927","0.16680794954299927","307","307","307"
"30899","0.15416260063648224","0.15416260063648224","0.15416260063648224","308","308","308"
"30999","0.15466630458831787","0.15466630458831787","0.15466630458831787","309","309","309"
"31099","0.16175837814807892","0.16175837814807892","0.16175837814807892","310","310","310"
"31199","0.1569170355796814","0.1569170355796814","0.1569170355796814","311","311","311"
"31299","0.15398234128952026","0.15398234128952026","0.15398234128952026","312","312","312"
"31399","0.15521807968616486","0.15521807968616486","0.15521807968616486","313","313","313"
"31499","0.15083223581314087","0.15083223581314087","0.15083223581314087","314","314","314"
"31599","0.16161563992500305","0.16161563992500305","0.16161563992500305","315","315","315"
"31699","0.1661171168088913","0.1661171168088913","0.1661171168088913","316","316","316"
"31799","0.16129706799983978","0.16129706799983978","0.16129706799983978","317","317","317"
"31899","0.1576305627822876","0.1576305627822876","0.1576305627822876","318","318","318"
"31999","0.15487943589687347","0.15487943589687347","0.15487943589687347","319","319","319"
"32099","0.15920281410217285","0.15920281410217285","0.15920281410217285","320","320","320"
"32199","0.16063685715198517","0.16063685715198517","0.16063685715198517","321","321","321"
"32299","0.16026781499385834","0.16026781499385834","0.16026781499385834","322","322","322"
"32399","0.16504381597042084","0.16504381597042084","0.16504381597042084","323","323","323"
"32499","0.15902966260910034","0.15902966260910034","0.15902966260910034","324","324","324"
"32599","0.15859758853912354","0.15859758853912354","0.15859758853912354","325","325","325"
"32699","0.1654752492904663","0.1654752492904663","0.1654752492904663","326","326","326"
"32799","0.15207965672016144","0.15207965672016144","0.15207965672016144","327","327","327"
"32899","0.1655767560005188","0.1655767560005188","0.1655767560005188","328","328","328"
"32999","0.15230832993984222","0.15230832993984222","0.15230832993984222","329","329","329"
"33099","0.15762682259082794","0.15762682259082794","0.15762682259082794","330","330","330"
"33199","0.1556037813425064","0.1556037813425064","0.1556037813425064","331","331","331"
"33299","0.15275460481643677","0.15275460481643677","0.15275460481643677","332","332","332"
"33399","0.15324421226978302","0.15324421226978302","0.15324421226978302","333","333","333"
"33499","0.1590186506509781","0.1590186506509781","0.1590186506509781","334","334","334"
"33599","0.15894824266433716","0.15894824266433716","0.15894824266433716","335","335","335"
"33699","0.16049912571907043","0.16049912571907043","0.16049912571907043","336","336","336"
"33799","0.15788307785987854","0.15788307785987854","0.15788307785987854","337","337","337"
"33899","0.14926810562610626","0.14926810562610626","0.14926810562610626","338","338","338"
"33999","0.15716248750686646","0.15716248750686646","0.15716248750686646","339","339","339"
"34099","0.1572498232126236","0.1572498232126236","0.1572498232126236","340","340","340"
"34199","0.16030728816986084","0.16030728816986084","0.16030728816986084","341","341","341"
"34299","0.1601399928331375","0.1601399928331375","0.1601399928331375","342","342","342"
"34399","0.16206032037734985","0.16206032037734985","0.16206032037734985","343","343","343"
"34499","0.15892347693443298","0.15892347693443298","0.15892347693443298","344","344","344"
"34599","0.1590959131717682","0.1590959131717682","0.1590959131717682","345","345","345"
"34699","0.1667100489139557","0.1667100489139557","0.1667100489139557","346","346","346"
"34799","0.1595020592212677","0.1595020592212677","0.1595020592212677","347","347","347"
"34899","0.1534881442785263","0.1534881442785263","0.1534881442785263","348","348","348"
"34999","0.1611151099205017","0.1611151099205017","0.1611151099205017","349","349","349"
"35099","0.1559191346168518","0.1559191346168518","0.1559191346168518","350","350","350"
"35199","0.16039548814296722","0.16039548814296722","0.16039548814296722","351","351","351"
"35299","0.16787442564964294","0.16787442564964294","0.16787442564964294","352","352","352"
"35399","0.15341277420520782","0.15341277420520782","0.15341277420520782","353","353","353"
"35499","0.15637969970703125","0.15637969970703125","0.15637969970703125","354","354","354"
"35599","0.1564294844865799","0.1564294844865799","0.1564294844865799","355","355","355"
"35699","0.16041989624500275","0.16041989624500275","0.16041989624500275","356","356","356"
"35799","0.1499619334936142","0.1499619334936142","0.1499619334936142","357","357","357"
"35899","0.1489555537700653","0.1489555537700653","0.1489555537700653","358","358","358"
"35999","0.15688984096050262","0.15688984096050262","0.15688984096050262","359","359","359"
"36099","0.15347090363502502","0.15347090363502502","0.15347090363502502","360","360","360"
"36199","0.1545134335756302","0.1545134335756302","0.1545134335756302","361","361","361"
"36299","0.16144628822803497","0.16144628822803497","0.16144628822803497","362","362","362"
"36399","0.14663799107074738","0.14663799107074738","0.14663799107074738","363","363","363"
"36499","0.16613562405109406","0.16613562405109406","0.16613562405109406","364","364","364"
"36599","0.1527089625597","0.1527089625597","0.1527089625597","365","365","365"
"36699","0.16293704509735107","0.16293704509735107","0.16293704509735107","366","366","366"
"36799","0.15579049289226532","0.15579049289226532","0.15579049289226532","367","367","367"
"36899","0.14998872578144073","0.14998872578144073","0.14998872578144073","368","368","368"
"36999","0.15323090553283691","0.15323090553283691","0.15323090553283691","369","369","369"
"37099","0.15761394798755646","0.15761394798755646","0.15761394798755646","370","370","370"
"37199","0.15405911207199097","0.15405911207199097","0.15405911207199097","371","371","371"
"37299","0.15853922069072723","0.15853922069072723","0.15853922069072723","372","372","372"
"37399","0.16151019930839539","0.16151019930839539","0.16151019930839539","373","373","373"
"37499","0.1615675389766693","0.1615675389766693","0.1615675389766693","374","374","374"
"37599","0.16567851603031158","0.16567851603031158","0.16567851603031158","375","375","375"
"37699","0.15955837070941925","0.15955837070941925","0.15955837070941925","376","376","376"
"37799","0.15293757617473602","0.15293757617473602","0.15293757617473602","377","377","377"
"37899","0.16510926187038422","0.16510926187038422","0.16510926187038422","378","378","378"
"37999","0.1555335819721222","0.1555335819721222","0.1555335819721222","379","379","379"
"38099","0.15913186967372894","0.15913186967372894","0.15913186967372894","380","380","380"
"38199","0.15444622933864594","0.15444622933864594","0.15444622933864594","381","381","381"
"38299","0.15236146748065948","0.15236146748065948","0.15236146748065948","382","382","382"
"38399","0.14860235154628754","0.14860235154628754","0.14860235154628754","383","383","383"
"38499","0.15758708119392395","0.15758708119392395","0.15758708119392395","384","384","384"
"38599","0.16257350146770477","0.16257350146770477","0.16257350146770477","385","385","385"
"38699","0.15967415273189545","0.15967415273189545","0.15967415273189545","386","386","386"
"38799","0.1537141501903534","0.1537141501903534","0.1537141501903534","387","387","387"
"38899","0.16526038944721222","0.16526038944721222","0.16526038944721222","388","388","388"
"38999","0.16759037971496582","0.16759037971496582","0.16759037971496582","389","389","389"
"39099","0.1553361415863037","0.1553361415863037","0.1553361415863037","390","390","390"
"39199","0.16988445818424225","0.16988445818424225","0.16988445818424225","391","391","391"
"39299","0.152256578207016","0.152256578207016","0.152256578207016","392","392","392"
"39399","0.15559813380241394","0.15559813380241394","0.15559813380241394","393","393","393"
"39499","0.1624942123889923","0.1624942123889923","0.1624942123889923","394","394","394"
"39599","0.15942227840423584","0.15942227840423584","0.15942227840423584","395","395","395"
"39699","0.16117779910564423","0.16117779910564423","0.16117779910564423","396","396","396"
"39799","0.1475021094083786","0.1475021094083786","0.1475021094083786","397","397","397"
"39899","0.15506109595298767","0.15506109595298767","0.15506109595298767","398","398","398"
"39999","0.16010816395282745","0.16010816395282745","0.16010816395282745","399","399","399"
"40099","0.15820255875587463","0.15820255875587463","0.15820255875587463","400","400","400"
"40199","0.1563328057527542","0.1563328057527542","0.1563328057527542","401","401","401"
"40299","0.14668093621730804","0.14668093621730804","0.14668093621730804","402","402","402"
"40399","0.1446392834186554","0.1446392834186554","0.1446392834186554","403","403","403"
"40499","0.15519018471240997","0.15519018471240997","0.15519018471240997","404","404","404"
"40599","0.15283817052841187","0.15283817052841187","0.15283817052841187","405","405","405"
"40699","0.15647020936012268","0.15647020936012268","0.15647020936012268","406","406","406"
"40799","0.1643603891134262","0.1643603891134262","0.1643603891134262","407","407","407"
"40899","0.15697132050991058","0.15697132050991058","0.15697132050991058","408","408","408"
"40999","0.15673919022083282","0.15673919022083282","0.15673919022083282","409","409","409"
"41099","0.1525152027606964","0.1525152027606964","0.1525152027606964","410","410","410"
"41199","0.1608922928571701","0.1608922928571701","0.1608922928571701","411","411","411"
"41299","0.15738053619861603","0.15738053619861603","0.15738053619861603","412","412","412"
"41399","0.1503547579050064","0.1503547579050064","0.1503547579050064","413","413","413"
"41499","0.14881883561611176","0.14881883561611176","0.14881883561611176","414","414","414"
"41599","0.15648140013217926","0.15648140013217926","0.15648140013217926","415","415","415"
"41699","0.15572622418403625","0.15572622418403625","0.15572622418403625","416","416","416"
"41799","0.15339849889278412","0.15339849889278412","0.15339849889278412","417","417","417"
"41899","0.15088202059268951","0.15088202059268951","0.15088202059268951","418","418","418"
"41999","0.15754808485507965","0.15754808485507965","0.15754808485507965","419","419","419"
"42099","0.15283772349357605","0.15283772349357605","0.15283772349357605","420","420","420"
"42199","0.15663626790046692","0.15663626790046692","0.15663626790046692","421","421","421"
"42299","0.1608944684267044","0.1608944684267044","0.1608944684267044","422","422","422"
"42399","0.16423173248767853","0.16423173248767853","0.16423173248767853","423","423","423"
"42499","0.1634342521429062","0.1634342521429062","0.1634342521429062","424","424","424"
"42599","0.15434540808200836","0.15434540808200836","0.15434540808200836","425","425","425"
"42699","0.14727212488651276","0.14727212488651276","0.14727212488651276","426","426","426"
"42799","0.1616782695055008","0.1616782695055008","0.1616782695055008","427","427","427"
"42899","0.15644118189811707","0.15644118189811707","0.15644118189811707","428","428","428"
"42999","0.16341809928417206","0.16341809928417206","0.16341809928417206","429","429","429"
"43099","0.1512320190668106","0.1512320190668106","0.1512320190668106","430","430","430"
"43199","0.16347403824329376","0.16347403824329376","0.16347403824329376","431","431","431"
"43299","0.14996643364429474","0.14996643364429474","0.14996643364429474","432","432","432"
"43399","0.1503472626209259","0.1503472626209259","0.1503472626209259","433","433","433"
"43499","0.15508686006069183","0.15508686006069183","0.15508686006069183","434","434","434"
"43599","0.14576880633831024","0.14576880633831024","0.14576880633831024","435","435","435"
"43699","0.14868135750293732","0.14868135750293732","0.14868135750293732","436","436","436"
"43799","0.16441069543361664","0.16441069543361664","0.16441069543361664","437","437","437"
"43899","0.17930753529071808","0.17930753529071808","0.17930753529071808","438","438","438"
"43999","0.15098746120929718","0.15098746120929718","0.15098746120929718","439","439","439"
"44099","0.16275379061698914","0.16275379061698914","0.16275379061698914","440","440","440"
"44199","0.17075547575950623","0.17075547575950623","0.17075547575950623","441","441","441"
"44299","0.1576833575963974","0.1576833575963974","0.1576833575963974","442","442","442"
"44399","0.15442456305027008","0.15442456305027008","0.15442456305027008","443","443","443"
"44499","0.15967459976673126","0.15967459976673126","0.15967459976673126","444","444","444"
"44599","0.15049012005329132","0.15049012005329132","0.15049012005329132","445","445","445"
"44699","0.16405032575130463","0.16405032575130463","0.16405032575130463","446","446","446"
"44799","0.1500677466392517","0.1500677466392517","0.1500677466392517","447","447","447"
"44899","0.1518544703722","0.1518544703722","0.1518544703722","448","448","448"
"44999","0.1560879796743393","0.1560879796743393","0.1560879796743393","449","449","449"
"45099","0.15443451702594757","0.15443451702594757","0.15443451702594757","450","450","450"
"45199","0.14361849427223206","0.14361849427223206","0.14361849427223206","451","451","451"
"45299","0.16408252716064453","0.16408252716064453","0.16408252716064453","452","452","452"
"45399","0.1603182554244995","0.1603182554244995","0.1603182554244995","453","453","453"
"45499","0.15900518000125885","0.15900518000125885","0.15900518000125885","454","454","454"
"45599","0.15893621742725372","0.15893621742725372","0.15893621742725372","455","455","455"
"45699","0.14957241714000702","0.14957241714000702","0.14957241714000702","456","456","456"
"45799","0.15010292828083038","0.15010292828083038","0.15010292828083038","457","457","457"
"45899","0.148996040225029","0.148996040225029","0.148996040225029","458","458","458"
"45999","0.1584099531173706","0.1584099531173706","0.1584099531173706","459","459","459"
"46099","0.16080869734287262","0.16080869734287262","0.16080869734287262","460","460","460"
"46199","0.153154194355011","0.153154194355011","0.153154194355011","461","461","461"
"46299","0.148903951048851","0.148903951048851","0.148903951048851","462","462","462"
"46399","0.1544523984193802","0.1544523984193802","0.1544523984193802","463","463","463"
"46499","0.15092600882053375","0.15092600882053375","0.15092600882053375","464","464","464"
"46599","0.1603950411081314","0.1603950411081314","0.1603950411081314","465","465","465"
"46699","0.1577283889055252","0.1577283889055252","0.1577283889055252","466","466","466"
"46799","0.16642840206623077","0.16642840206623077","0.16642840206623077","467","467","467"
"46899","0.15009678900241852","0.15009678900241852","0.15009678900241852","468","468","468"
"46999","0.14454606175422668","0.14454606175422668","0.14454606175422668","469","469","469"
"47099","0.15690353512763977","0.15690353512763977","0.15690353512763977","470","470","470"
"47199","0.15146614611148834","0.15146614611148834","0.15146614611148834","471","471","471"
"47299","0.15929295122623444","0.15929295122623444","0.15929295122623444","472","472","472"
"47399","0.15454967319965363","0.15454967319965363","0.15454967319965363","473","473","473"
"47499","0.1542791873216629","0.1542791873216629","0.1542791873216629","474","474","474"
"47599","0.14544612169265747","0.14544612169265747","0.14544612169265747","475","475","475"
"47699","0.15300466120243073","0.15300466120243073","0.15300466120243073","476","476","476"
"47799","0.1515573114156723","0.1515573114156723","0.1515573114156723","477","477","477"
"47899","0.1536955088376999","0.1536955088376999","0.1536955088376999","478","478","478"
"47999","0.15522649884223938","0.15522649884223938","0.15522649884223938","479","479","479"
"48099","0.16279296576976776","0.16279296576976776","0.16279296576976776","480","480","480"
"48199","0.15189233422279358","0.15189233422279358","0.15189233422279358","481","481","481"
"48299","0.1589445024728775","0.1589445024728775","0.1589445024728775","482","482","482"
"48399","0.1583879441022873","0.1583879441022873","0.1583879441022873","483","483","483"
"48499","0.15008777379989624","0.15008777379989624","0.15008777379989624","484","484","484"
"48599","0.15256942808628082","0.15256942808628082","0.15256942808628082","485","485","485"
"48699","0.15903396904468536","0.15903396904468536","0.15903396904468536","486","486","486"
"48799","0.15304288268089294","0.15304288268089294","0.15304288268089294","487","487","487"
"48899","0.1451612263917923","0.1451612263917923","0.1451612263917923","488","488","488"
"48999","0.1527966856956482","0.1527966856956482","0.1527966856956482","489","489","489"
"49099","0.1517173796892166","0.1517173796892166","0.1517173796892166","490","490","490"
"49199","0.15059609711170197","0.15059609711170197","0.15059609711170197","491","491","491"
"49299","0.1535106897354126","0.1535106897354126","0.1535106897354126","492","492","492"
"49399","0.15495245158672333","0.15495245158672333","0.15495245158672333","493","493","493"
"49499","0.162480428814888","0.162480428814888","0.162480428814888","494","494","494"
"49599","0.1578441858291626","0.1578441858291626","0.1578441858291626","495","495","495"
"49699","0.17174766957759857","0.17174766957759857","0.17174766957759857","496","496","496"
"49799","0.15161509811878204","0.15161509811878204","0.15161509811878204","497","497","497"
"49899","0.16254174709320068","0.16254174709320068","0.16254174709320068","498","498","498"
"49999","0.1514357626438141","0.1514357626438141","0.1514357626438141","499","499","499"
"50099","0.15337081253528595","0.15337081253528595","0.15337081253528595","500","500","500"
"50199","0.15851761400699615","0.15851761400699615","0.15851761400699615","501","501","501"
"50299","0.14848420023918152","0.14848420023918152","0.14848420023918152","502","502","502"
"50399","0.15944309532642365","0.15944309532642365","0.15944309532642365","503","503","503"
"50499","0.1585969626903534","0.1585969626903534","0.1585969626903534","504","504","504"
"50599","0.1481093019247055","0.1481093019247055","0.1481093019247055","505","505","505"
"50699","0.1648947298526764","0.1648947298526764","0.1648947298526764","506","506","506"
"50799","0.16024014353752136","0.16024014353752136","0.16024014353752136","507","507","507"
"50899","0.15793727338314056","0.15793727338314056","0.15793727338314056","508","508","508"
"50999","0.1598944216966629","0.1598944216966629","0.1598944216966629","509","509","509"
"51099","0.14981535077095032","0.14981535077095032","0.14981535077095032","510","510","510"
"51199","0.15008564293384552","0.15008564293384552","0.15008564293384552","511","511","511"
"51299","0.16347016394138336","0.16347016394138336","0.16347016394138336","512","512","512"
"51399","0.15288470685482025","0.15288470685482025","0.15288470685482025","513","513","513"
"51499","0.15158742666244507","0.15158742666244507","0.15158742666244507","514","514","514"
"51599","0.15997371077537537","0.15997371077537537","0.15997371077537537","515","515","515"
"51699","0.16012616455554962","0.16012616455554962","0.16012616455554962","516","516","516"
"51799","0.15540476143360138","0.15540476143360138","0.15540476143360138","517","517","517"
"51899","0.14804284274578094","0.14804284274578094","0.14804284274578094","518","518","518"
"51999","0.15766893327236176","0.15766893327236176","0.15766893327236176","519","519","519"
"52099","0.15381789207458496","0.15381789207458496","0.15381789207458496","520","520","520"
"52199","0.15785330533981323","0.15785330533981323","0.15785330533981323","521","521","521"
"52299","0.15871985256671906","0.15871985256671906","0.15871985256671906","522","522","522"
"52399","0.1519414335489273","0.1519414335489273","0.1519414335489273","523","523","523"
"52499","0.14636904001235962","0.14636904001235962","0.14636904001235962","524","524","524"
"52599","0.1551150232553482","0.1551150232553482","0.1551150232553482","525","525","525"
"52699","0.14839382469654083","0.14839382469654083","0.14839382469654083","526","526","526"
"52799","0.16116131842136383","0.16116131842136383","0.16116131842136383","527","527","527"
"52899","0.15063713490962982","0.15063713490962982","0.15063713490962982","528","528","528"
"52999","0.15294797718524933","0.15294797718524933","0.15294797718524933","529","529","529"
"53099","0.15150979161262512","0.15150979161262512","0.15150979161262512","530","530","530"
"53199","0.15532177686691284","0.15532177686691284","0.15532177686691284","531","531","531"
"53299","0.15184108912944794","0.15184108912944794","0.15184108912944794","532","532","532"
"53399","0.1561831831932068","0.1561831831932068","0.1561831831932068","533","533","533"
"53499","0.14970657229423523","0.14970657229423523","0.14970657229423523","534","534","534"
"53599","0.1501249223947525","0.1501249223947525","0.1501249223947525","535","535","535"
"53699","0.1520564705133438","0.1520564705133438","0.1520564705133438","536","536","536"
"53799","0.15587978065013885","0.15587978065013885","0.15587978065013885","537","537","537"
"53899","0.14968320727348328","0.14968320727348328","0.14968320727348328","538","538","538"
"53999","0.15387822687625885","0.15387822687625885","0.15387822687625885","539","539","539"
"54099","0.15469373762607574","0.15469373762607574","0.15469373762607574","540","540","540"
"54199","0.14870288968086243","0.14870288968086243","0.14870288968086243","541","541","541"
"54299","0.15663611888885498","0.15663611888885498","0.15663611888885498","542","542","542"
"54399","0.15984532237052917","0.15984532237052917","0.15984532237052917","543","543","543"
"54499","0.14771051704883575","0.14771051704883575","0.14771051704883575","544","544","544"
"54599","0.158833846449852","0.158833846449852","0.158833846449852","545","545","545"
"54699","0.15846259891986847","0.15846259891986847","0.15846259891986847","546","546","546"
"54799","0.15187402069568634","0.15187402069568634","0.15187402069568634","547","547","547"
"54899","0.15093156695365906","0.15093156695365906","0.15093156695365906","548","548","548"
"54999","0.1482618898153305","0.1482618898153305","0.1482618898153305","549","549","549"
"55099","0.14781296253204346","0.14781296253204346","0.14781296253204346","550","550","550"
"55199","0.1606680303812027","0.1606680303812027","0.1606680303812027","551","551","551"
"55299","0.15250161290168762","0.15250161290168762","0.15250161290168762","552","552","552"
"55399","0.1459427773952484","0.1459427773952484","0.1459427773952484","553","553","553"
"55499","0.15395520627498627","0.15395520627498627","0.15395520627498627","554","554","554"
"55599","0.15337124466896057","0.15337124466896057","0.15337124466896057","555","555","555"
"55699","0.1475435048341751","0.1475435048341751","0.1475435048341751","556","556","556"
"55799","0.16397908329963684","0.16397908329963684","0.16397908329963684","557","557","557"
"55899","0.14676886796951294","0.14676886796951294","0.14676886796951294","558","558","558"
"55999","0.1429310441017151","0.1429310441017151","0.1429310441017151","559","559","559"
"56099","0.14408478140830994","0.14408478140830994","0.14408478140830994","560","560","560"
"56199","0.15157672762870789","0.15157672762870789","0.15157672762870789","561","561","561"
"56299","0.15839344263076782","0.15839344263076782","0.15839344263076782","562","562","562"
"56399","0.14632397890090942","0.14632397890090942","0.14632397890090942","563","563","563"
"56499","0.15966270864009857","0.15966270864009857","0.15966270864009857","564","564","564"
"56599","0.1526714563369751","0.1526714563369751","0.1526714563369751","565","565","565"
"56699","0.14436820149421692","0.14436820149421692","0.14436820149421692","566","566","566"
"56799","0.1568499505519867","0.1568499505519867","0.1568499505519867","567","567","567"
"56899","0.1571459323167801","0.1571459323167801","0.1571459323167801","568","568","568"
"56999","0.1591341495513916","0.1591341495513916","0.1591341495513916","569","569","569"
"57099","0.1562626212835312","0.1562626212835312","0.1562626212835312","570","570","570"
"57199","0.15703357756137848","0.15703357756137848","0.15703357756137848","571","571","571"
"57299","0.15100331604480743","0.15100331604480743","0.15100331604480743","572","572","572"
"57399","0.1377953439950943","0.1377953439950943","0.1377953439950943","573","573","573"
"57499","0.14704352617263794","0.14704352617263794","0.14704352617263794","574","574","574"
"57599","0.15601558983325958","0.15601558983325958","0.15601558983325958","575","575","575"
"57699","0.15748895704746246","0.15748895704746246","0.15748895704746246","576","576","576"
"57799","0.16208694875240326","0.16208694875240326","0.16208694875240326","577","577","577"
"57899","0.15193474292755127","0.15193474292755127","0.15193474292755127","578","578","578"
"57999","0.16335834562778473","0.16335834562778473","0.16335834562778473","579","579","579"
"58099","0.1457413285970688","0.1457413285970688","0.1457413285970688","580","580","580"
"58199","0.15043804049491882","0.15043804049491882","0.15043804049491882","581","581","581"
"58299","0.15531094372272491","0.15531094372272491","0.15531094372272491","582","582","582"
"58399","0.14989805221557617","0.14989805221557617","0.14989805221557617","583","583","583"
"58499","0.14577539265155792","0.14577539265155792","0.14577539265155792","584","584","584"
"58599","0.14953207969665527","0.14953207969665527","0.14953207969665527","585","585","585"
"58699","0.15054655075073242","0.15054655075073242","0.15054655075073242","586","586","586"
"58799","0.1442565768957138","0.1442565768957138","0.1442565768957138","587","587","587"
"58899","0.15106530487537384","0.15106530487537384","0.15106530487537384","588","588","588"
"58999","0.15471506118774414","0.15471506118774414","0.15471506118774414","589","589","589"
"59099","0.1444936841726303","0.1444936841726303","0.1444936841726303","590","590","590"
"59199","0.15136463940143585","0.15136463940143585","0.15136463940143585","591","591","591"
"59299","0.15047794580459595","0.15047794580459595","0.15047794580459595","592","592","592"
"59399","0.15148234367370605","0.15148234367370605","0.15148234367370605","593","593","593"
"59499","0.15226057171821594","0.15226057171821594","0.15226057171821594","594","594","594"
"59599","0.14165568351745605","0.14165568351745605","0.14165568351745605","595","595","595"
"59699","0.14344944059848785","0.14344944059848785","0.14344944059848785","596","596","596"
"59799","0.1514321267604828","0.1514321267604828","0.1514321267604828","597","597","597"
"59899","0.1473744660615921","0.1473744660615921","0.1473744660615921","598","598","598"
"59999","0.15300442278385162","0.15300442278385162","0.15300442278385162","599","599","599"
"60099","0.15889906883239746","0.15889906883239746","0.15889906883239746","600","600","600"
"60199","0.1455596685409546","0.1455596685409546","0.1455596685409546","601","601","601"
"60299","0.1587470918893814","0.1587470918893814","0.1587470918893814","602","602","602"
"60399","0.1502123773097992","0.1502123773097992","0.1502123773097992","603","603","603"
"60499","0.1502337008714676","0.1502337008714676","0.1502337008714676","604","604","604"
"60599","0.14597263932228088","0.14597263932228088","0.14597263932228088","605","605","605"
"60699","0.146778404712677","0.146778404712677","0.146778404712677","606","606","606"
"60799","0.15201716125011444","0.15201716125011444","0.15201716125011444","607","607","607"
"60899","0.15414366126060486","0.15414366126060486","0.15414366126060486","608","608","608"
"60999","0.14694328606128693","0.14694328606128693","0.14694328606128693","609","609","609"
"61099","0.1515985131263733","0.1515985131263733","0.1515985131263733","610","610","610"
"61199","0.15492337942123413","0.15492337942123413","0.15492337942123413","611","611","611"
"61299","0.15832658112049103","0.15832658112049103","0.15832658112049103","612","612","612"
"61399","0.15176573395729065","0.15176573395729065","0.15176573395729065","613","613","613"
"61499","0.1490437239408493","0.1490437239408493","0.1490437239408493","614","614","614"
"61599","0.14590853452682495","0.14590853452682495","0.14590853452682495","615","615","615"
"61699","0.1576334685087204","0.1576334685087204","0.1576334685087204","616","616","616"
"61799","0.15779884159564972","0.15779884159564972","0.15779884159564972","617","617","617"
"61899","0.15510348975658417","0.15510348975658417","0.15510348975658417","618","618","618"
"61999","0.15563198924064636","0.15563198924064636","0.15563198924064636","619","619","619"
"62099","0.15275633335113525","0.15275633335113525","0.15275633335113525","620","620","620"
"62199","0.15164749324321747","0.15164749324321747","0.15164749324321747","621","621","621"
"62299","0.14919181168079376","0.14919181168079376","0.14919181168079376","622","622","622"
"62399","0.15306058526039124","0.15306058526039124","0.15306058526039124","623","623","623"
"62499","0.15303753316402435","0.15303753316402435","0.15303753316402435","624","624","624"
"62599","0.14488042891025543","0.14488042891025543","0.14488042891025543","625","625","625"
"62699","0.14555877447128296","0.14555877447128296","0.14555877447128296","626","626","626"
"62799","0.14735297858715057","0.14735297858715057","0.14735297858715057","627","627","627"
"62899","0.14624272286891937","0.14624272286891937","0.14624272286891937","628","628","628"
"62999","0.1433228999376297","0.1433228999376297","0.1433228999376297","629","629","629"
"63099","0.15292319655418396","0.15292319655418396","0.15292319655418396","630","630","630"
"63199","0.15381799638271332","0.15381799638271332","0.15381799638271332","631","631","631"
"63299","0.15311110019683838","0.15311110019683838","0.15311110019683838","632","632","632"
"63399","0.1547313779592514","0.1547313779592514","0.1547313779592514","633","633","633"
"63499","0.15148989856243134","0.15148989856243134","0.15148989856243134","634","634","634"
"63599","0.1399117261171341","0.1399117261171341","0.1399117261171341","635","635","635"
"63699","0.15540051460266113","0.15540051460266113","0.15540051460266113","636","636","636"
"63799","0.16453911364078522","0.16453911364078522","0.16453911364078522","637","637","637"
"63899","0.14764709770679474","0.14764709770679474","0.14764709770679474","638","638","638"
"63999","0.15058694779872894","0.15058694779872894","0.15058694779872894","639","639","639"
"64099","0.15011270344257355","0.15011270344257355","0.15011270344257355","640","640","640"
"64199","0.14220719039440155","0.14220719039440155","0.14220719039440155","641","641","641"
"64299","0.15680843591690063","0.15680843591690063","0.15680843591690063","642","642","642"
"64399","0.15274213254451752","0.15274213254451752","0.15274213254451752","643","643","643"
"64499","0.146705761551857","0.146705761551857","0.146705761551857","644","644","644"
"64599","0.15119950473308563","0.15119950473308563","0.15119950473308563","645","645","645"
"64699","0.15444999933242798","0.15444999933242798","0.15444999933242798","646","646","646"
"64799","0.14718440175056458","0.14718440175056458","0.14718440175056458","647","647","647"
"64899","0.1592228263616562","0.1592228263616562","0.1592228263616562","648","648","648"
"64999","0.14823271334171295","0.14823271334171295","0.14823271334171295","649","649","649"
"65099","0.15123309195041656","0.15123309195041656","0.15123309195041656","650","650","650"
"65199","0.14538882672786713","0.14538882672786713","0.14538882672786713","651","651","651"
"65299","0.15084943175315857","0.15084943175315857","0.15084943175315857","652","652","652"
"65399","0.15915226936340332","0.15915226936340332","0.15915226936340332","653","653","653"
"65499","0.1538049280643463","0.1538049280643463","0.1538049280643463","654","654","654"
"65599","0.14850325882434845","0.14850325882434845","0.14850325882434845","655","655","655"
"65699","0.1447628289461136","0.1447628289461136","0.1447628289461136","656","656","656"
"65799","0.1458093374967575","0.1458093374967575","0.1458093374967575","657","657","657"
"65899","0.15393738448619843","0.15393738448619843","0.15393738448619843","658","658","658"
"65999","0.15015800297260284","0.15015800297260284","0.15015800297260284","659","659","659"
"66099","0.14997601509094238","0.14997601509094238","0.14997601509094238","660","660","660"
"66199","0.14520880579948425","0.14520880579948425","0.14520880579948425","661","661","661"
"66299","0.1416829377412796","0.1416829377412796","0.1416829377412796","662","662","662"
"66399","0.14822442829608917","0.14822442829608917","0.14822442829608917","663","663","663"
"66499","0.1543399691581726","0.1543399691581726","0.1543399691581726","664","664","664"
"66599","0.1530844271183014","0.1530844271183014","0.1530844271183014","665","665","665"
"66699","0.1635880023241043","0.1635880023241043","0.1635880023241043","666","666","666"
"66799","0.14692337810993195","0.14692337810993195","0.14692337810993195","667","667","667"
"66899","0.15904636681079865","0.15904636681079865","0.15904636681079865","668","668","668"
"66999","0.1468711644411087","0.1468711644411087","0.1468711644411087","669","669","669"
"67099","0.15360629558563232","0.15360629558563232","0.15360629558563232","670","670","670"
"67199","0.15400542318820953","0.15400542318820953","0.15400542318820953","671","671","671"
"67299","0.14652450382709503","0.14652450382709503","0.14652450382709503","672","672","672"
"67399","0.14004682004451752","0.14004682004451752","0.14004682004451752","673","673","673"
"67499","0.16038286685943604","0.16038286685943604","0.16038286685943604","674","674","674"
"67599","0.14952753484249115","0.14952753484249115","0.14952753484249115","675","675","675"
"67699","0.14797790348529816","0.14797790348529816","0.14797790348529816","676","676","676"
"67799","0.15690764784812927","0.15690764784812927","0.15690764784812927","677","677","677"
"67899","0.14665406942367554","0.14665406942367554","0.14665406942367554","678","678","678"
"67999","0.14633484184741974","0.14633484184741974","0.14633484184741974","679","679","679"
"68099","0.15433281660079956","0.15433281660079956","0.15433281660079956","680","680","680"
"68199","0.1504126936197281","0.1504126936197281","0.1504126936197281","681","681","681"
"68299","0.14338187873363495","0.14338187873363495","0.14338187873363495","682","682","682"
"68399","0.15944966673851013","0.15944966673851013","0.15944966673851013","683","683","683"
"68499","0.14963558316230774","0.14963558316230774","0.14963558316230774","684","684","684"
"68599","0.14274050295352936","0.14274050295352936","0.14274050295352936","685","685","685"
"68699","0.14180713891983032","0.14180713891983032","0.14180713891983032","686","686","686"
"68799","0.14440830051898956","0.14440830051898956","0.14440830051898956","687","687","687"
"68899","0.1532677561044693","0.1532677561044693","0.1532677561044693","688","688","688"
"68999","0.15145863592624664","0.15145863592624664","0.15145863592624664","689","689","689"
"69099","0.1443963646888733","0.1443963646888733","0.1443963646888733","690","690","690"
"69199","0.14232738316059113","0.14232738316059113","0.14232738316059113","691","691","691"
"69299","0.1504950076341629","0.1504950076341629","0.1504950076341629","692","692","692"
"69399","0.1421537846326828","0.1421537846326828","0.1421537846326828","693","693","693"
"69499","0.14212243258953094","0.14212243258953094","0.14212243258953094","694","694","694"
"69599","0.15297074615955353","0.15297074615955353","0.15297074615955353","695","695","695"
"69699","0.1424342840909958","0.1424342840909958","0.1424342840909958","696","696","696"
"69799","0.1533961296081543","0.1533961296081543","0.1533961296081543","697","697","697"
"69899","0.1478767693042755","0.1478767693042755","0.1478767693042755","698","698","698"
"69999","0.15275795757770538","0.15275795757770538","0.15275795757770538","699","699","699"
"70099","0.1548498123884201","0.1548498123884201","0.1548498123884201","700","700","700"
"70199","0.14351490139961243","0.14351490139961243","0.14351490139961243","701","701","701"
"70299","0.13532310724258423","0.13532310724258423","0.13532310724258423","702","702","702"
"70399","0.15151792764663696","0.15151792764663696","0.15151792764663696","703","703","703"
"70499","0.15108157694339752","0.15108157694339752","0.15108157694339752","704","704","704"
"70599","0.14012809097766876","0.14012809097766876","0.14012809097766876","705","705","705"
"70699","0.14732854068279266","0.14732854068279266","0.14732854068279266","706","706","706"
"70799","0.14594419300556183","0.14594419300556183","0.14594419300556183","707","707","707"
"70899","0.14560146629810333","0.14560146629810333","0.14560146629810333","708","708","708"
"70999","0.1447686105966568","0.1447686105966568","0.1447686105966568","709","709","709"
"71099","0.1533147692680359","0.1533147692680359","0.1533147692680359","710","710","710"
"71199","0.1486998349428177","0.1486998349428177","0.1486998349428177","711","711","711"
"71299","0.14390738308429718","0.14390738308429718","0.14390738308429718","712","712","712"
"71399","0.15210656821727753","0.15210656821727753","0.15210656821727753","713","713","713"
"71499","0.14611944556236267","0.14611944556236267","0.14611944556236267","714","714","714"
"71599","0.14871221780776978","0.14871221780776978","0.14871221780776978","715","715","715"
"71699","0.15433825552463531","0.15433825552463531","0.15433825552463531","716","716","716"
"71799","0.15079912543296814","0.15079912543296814","0.15079912543296814","717","717","717"
"71899","0.14844679832458496","0.14844679832458496","0.14844679832458496","718","718","718"
"71999","0.1398237645626068","0.1398237645626068","0.1398237645626068","719","719","719"
"72099","0.1466597616672516","0.1466597616672516","0.1466597616672516","720","720","720"
"72199","0.15464037656784058","0.15464037656784058","0.15464037656784058","721","721","721"
"72299","0.1549341231584549","0.1549341231584549","0.1549341231584549","722","722","722"
"72399","0.15508297085762024","0.15508297085762024","0.15508297085762024","723","723","723"
"72499","0.1469840556383133","0.1469840556383133","0.1469840556383133","724","724","724"
"72599","0.15430860221385956","0.15430860221385956","0.15430860221385956","725","725","725"
"72699","0.14541326463222504","0.14541326463222504","0.14541326463222504","726","726","726"
"72799","0.1460927128791809","0.1460927128791809","0.1460927128791809","727","727","727"
"72899","0.15425314009189606","0.15425314009189606","0.15425314009189606","728","728","728"
"72999","0.1531289964914322","0.1531289964914322","0.1531289964914322","729","729","729"
"73099","0.1507568657398224","0.1507568657398224","0.1507568657398224","730","730","730"
"73199","0.15361474454402924","0.15361474454402924","0.15361474454402924","731","731","731"
"73299","0.15668441355228424","0.15668441355228424","0.15668441355228424","732","732","732"
"73399","0.1451295167207718","0.1451295167207718","0.1451295167207718","733","733","733"
"73499","0.1560393124818802","0.1560393124818802","0.1560393124818802","734","734","734"
"73599","0.14105947315692902","0.14105947315692902","0.14105947315692902","735","735","735"
"73699","0.15230202674865723","0.15230202674865723","0.15230202674865723","736","736","736"
"73799","0.13603921234607697","0.13603921234607697","0.13603921234607697","737","737","737"
"73899","0.14251717925071716","0.14251717925071716","0.14251717925071716","738","738","738"
"73999","0.15081922709941864","0.15081922709941864","0.15081922709941864","739","739","739"
"74099","0.1504966914653778","0.1504966914653778","0.1504966914653778","740","740","740"
"74199","0.143103688955307","0.143103688955307","0.143103688955307","741","741","741"
"74299","0.15198099613189697","0.15198099613189697","0.15198099613189697","742","742","742"
"74399","0.1469409465789795","0.1469409465789795","0.1469409465789795","743","743","743"
"74499","0.14376802742481232","0.14376802742481232","0.14376802742481232","744","744","744"
"74599","0.14426282048225403","0.14426282048225403","0.14426282048225403","745","745","745"
"74699","0.1427309513092041","0.1427309513092041","0.1427309513092041","746","746","746"
"74799","0.1428801566362381","0.1428801566362381","0.1428801566362381","747","747","747"
"74899","0.1414889246225357","0.1414889246225357","0.1414889246225357","748","748","748"
"74999","0.14804238080978394","0.14804238080978394","0.14804238080978394","749","749","749"
"75099","0.1438225656747818","0.1438225656747818","0.1438225656747818","750","750","750"
"75199","0.14765076339244843","0.14765076339244843","0.14765076339244843","751","751","751"
"75299","0.14098046720027924","0.14098046720027924","0.14098046720027924","752","752","752"
"75399","0.14665430784225464","0.14665430784225464","0.14665430784225464","753","753","753"
"75499","0.15161368250846863","0.15161368250846863","0.15161368250846863","754","754","754"
"75599","0.151585653424263","0.151585653424263","0.151585653424263","755","755","755"
"75699","0.15346011519432068","0.15346011519432068","0.15346011519432068","756","756","756"
"75799","0.13594664633274078","0.13594664633274078","0.13594664633274078","757","757","757"
"75899","0.14354576170444489","0.14354576170444489","0.14354576170444489","758","758","758"
"75999","0.1441771537065506","0.1441771537065506","0.1441771537065506","759","759","759"
"76099","0.14693835377693176","0.14693835377693176","0.14693835377693176","760","760","760"
"76199","0.14438588917255402","0.14438588917255402","0.14438588917255402","761","761","761"
"76299","0.15488581359386444","0.15488581359386444","0.15488581359386444","762","762","762"
"76399","0.149176687002182","0.149176687002182","0.149176687002182","763","763","763"
"76499","0.14639735221862793","0.14639735221862793","0.14639735221862793","764","764","764"
"76599","0.14165249466896057","0.14165249466896057","0.14165249466896057","765","765","765"
"76699","0.1458926498889923","0.1458926498889923","0.1458926498889923","766","766","766"
"76799","0.15599170327186584","0.15599170327186584","0.15599170327186584","767","767","767"
"76899","0.1461298018693924","0.1461298018693924","0.1461298018693924","768","768","768"
"76999","0.14845187962055206","0.14845187962055206","0.14845187962055206","769","769","769"
"77099","0.1521325260400772","0.1521325260400772","0.1521325260400772","770","770","770"
"77199","0.1534746140241623","0.1534746140241623","0.1534746140241623","771","771","771"
"77299","0.14950525760650635","0.14950525760650635","0.14950525760650635","772","772","772"
"77399","0.14858567714691162","0.14858567714691162","0.14858567714691162","773","773","773"
"77499","0.14071249961853027","0.14071249961853027","0.14071249961853027","774","774","774"
"77599","0.1566026508808136","0.1566026508808136","0.1566026508808136","775","775","775"
"77699","0.1475735604763031","0.1475735604763031","0.1475735604763031","776","776","776"
"77799","0.1503821611404419","0.1503821611404419","0.1503821611404419","777","777","777"
"77899","0.15487952530384064","0.15487952530384064","0.15487952530384064","778","778","778"
"77999","0.1411486268043518","0.1411486268043518","0.1411486268043518","779","779","779"
"78099","0.14752359688282013","0.14752359688282013","0.14752359688282013","780","780","780"
"78199","0.14790774881839752","0.14790774881839752","0.14790774881839752","781","781","781"
"78299","0.16047464311122894","0.16047464311122894","0.16047464311122894","782","782","782"
"78399","0.148265078663826","0.148265078663826","0.148265078663826","783","783","783"
"78499","0.1544853299856186","0.1544853299856186","0.1544853299856186","784","784","784"
"78599","0.149158775806427","0.149158775806427","0.149158775806427","785","785","785"
"78699","0.14717485010623932","0.14717485010623932","0.14717485010623932","786","786","786"
"78799","0.13438981771469116","0.13438981771469116","0.13438981771469116","787","787","787"
"78899","0.14857248961925507","0.14857248961925507","0.14857248961925507","788","788","788"
"78999","0.1420743316411972","0.1420743316411972","0.1420743316411972","789","789","789"
"79099","0.15579020977020264","0.15579020977020264","0.15579020977020264","790","790","790"
"79199","0.14891430735588074","0.14891430735588074","0.14891430735588074","791","791","791"
"79299","0.15270526707172394","0.15270526707172394","0.15270526707172394","792","792","792"
"79399","0.14985689520835876","0.14985689520835876","0.14985689520835876","793","793","793"
"79499","0.14392921328544617","0.14392921328544617","0.14392921328544617","794","794","794"
"79599","0.14805372059345245","0.14805372059345245","0.14805372059345245","795","795","795"
"79699","0.14668211340904236","0.14668211340904236","0.14668211340904236","796","796","796"
"79799","0.1450999677181244","0.1450999677181244","0.1450999677181244","797","797","797"
"79899","0.15362024307250977","0.15362024307250977","0.15362024307250977","798","798","798"
"79999","0.14206065237522125","0.14206065237522125","0.14206065237522125","799","799","799"
"80099","0.14378751814365387","0.14378751814365387","0.14378751814365387","800","800","800"
"80199","0.14261861145496368","0.14261861145496368","0.14261861145496368","801","801","801"
"80299","0.14970183372497559","0.14970183372497559","0.14970183372497559","802","802","802"
"80399","0.14496079087257385","0.14496079087257385","0.14496079087257385","803","803","803"
"80499","0.14947396516799927","0.14947396516799927","0.14947396516799927","804","804","804"
"80599","0.15058548748493195","0.15058548748493195","0.15058548748493195","805","805","805"
"80699","0.1425870954990387","0.1425870954990387","0.1425870954990387","806","806","806"
"80799","0.13540829718112946","0.13540829718112946","0.13540829718112946","807","807","807"
"80899","0.1488376408815384","0.1488376408815384","0.1488376408815384","808","808","808"
"80999","0.15105919539928436","0.15105919539928436","0.15105919539928436","809","809","809"
"81099","0.1468668282032013","0.1468668282032013","0.1468668282032013","810","810","810"
"81199","0.13856545090675354","0.13856545090675354","0.13856545090675354","811","811","811"
"81299","0.146625816822052","0.146625816822052","0.146625816822052","812","812","812"
"81399","0.1402144581079483","0.1402144581079483","0.1402144581079483","813","813","813"
"81499","0.14798100292682648","0.14798100292682648","0.14798100292682648","814","814","814"
"81599","0.1375722736120224","0.1375722736120224","0.1375722736120224","815","815","815"
"81699","0.14378352463245392","0.14378352463245392","0.14378352463245392","816","816","816"
"81799","0.14535212516784668","0.14535212516784668","0.14535212516784668","817","817","817"
"81899","0.1445043832063675","0.1445043832063675","0.1445043832063675","818","818","818"
"81999","0.13858933746814728","0.13858933746814728","0.13858933746814728","819","819","819"
"82099","0.14270468056201935","0.14270468056201935","0.14270468056201935","820","820","820"
"82199","0.14782778918743134","0.14782778918743134","0.14782778918743134","821","821","821"
"82299","0.14663733541965485","0.14663733541965485","0.14663733541965485","822","822","822"
"82399","0.15850740671157837","0.15850740671157837","0.15850740671157837","823","823","823"
"82499","0.13424837589263916","0.13424837589263916","0.13424837589263916","824","824","824"
"82599","0.13762207329273224","0.13762207329273224","0.13762207329273224","825","825","825"
"82699","0.14742107689380646","0.14742107689380646","0.14742107689380646","826","826","826"
"82799","0.1562034785747528","0.1562034785747528","0.1562034785747528","827","827","827"
"82899","0.15695306658744812","0.15695306658744812","0.15695306658744812","828","828","828"
"82999","0.1419445425271988","0.1419445425271988","0.1419445425271988","829","829","829"
"83099","0.13539624214172363","0.13539624214172363","0.13539624214172363","830","830","830"
"83199","0.1459215134382248","0.1459215134382248","0.1459215134382248","831","831","831"
"83299","0.1414252668619156","0.1414252668619156","0.1414252668619156","832","832","832"
"83399","0.1448679268360138","0.1448679268360138","0.1448679268360138","833","833","833"
"83499","0.15131776034832","0.15131776034832","0.15131776034832","834","834","834"
"83599","0.14428482949733734","0.14428482949733734","0.14428482949733734","835","835","835"
"83699","0.15414151549339294","0.15414151549339294","0.15414151549339294","836","836","836"
"83799","0.15346571803092957","0.15346571803092957","0.15346571803092957","837","837","837"
"83899","0.15263886749744415","0.15263886749744415","0.15263886749744415","838","838","838"
"83999","0.14960752427577972","0.14960752427577972","0.14960752427577972","839","839","839"
"84099","0.14118891954421997","0.14118891954421997","0.14118891954421997","840","840","840"
"84199","0.1472642868757248","0.1472642868757248","0.1472642868757248","841","841","841"
"84299","0.14362891018390656","0.14362891018390656","0.14362891018390656","842","842","842"
"84399","0.14098931849002838","0.14098931849002838","0.14098931849002838","843","843","843"
"84499","0.1432536095380783","0.1432536095380783","0.1432536095380783","844","844","844"
"84599","0.13943885266780853","0.13943885266780853","0.13943885266780853","845","845","845"
"84699","0.152773916721344","0.152773916721344","0.152773916721344","846","846","846"
"84799","0.14483171701431274","0.14483171701431274","0.14483171701431274","847","847","847"
"84899","0.14494188129901886","0.14494188129901886","0.14494188129901886","848","848","848"
"84999","0.14623194932937622","0.14623194932937622","0.14623194932937622","849","849","849"
"85099","0.14725178480148315","0.14725178480148315","0.14725178480148315","850","850","850"
"85199","0.1527797132730484","0.1527797132730484","0.1527797132730484","851","851","851"
"85299","0.14521582424640656","0.14521582424640656","0.14521582424640656","852","852","852"
"85399","0.14763911068439484","0.14763911068439484","0.14763911068439484","853","853","853"
"85499","0.14630161225795746","0.14630161225795746","0.14630161225795746","854","854","854"
"85599","0.14485503733158112","0.14485503733158112","0.14485503733158112","855","855","855"
"85699","0.13250099122524261","0.13250099122524261","0.13250099122524261","856","856","856"
"85799","0.14262256026268005","0.14262256026268005","0.14262256026268005","857","857","857"
"85899","0.14458127319812775","0.14458127319812775","0.14458127319812775","858","858","858"
"85999","0.15491244196891785","0.15491244196891785","0.15491244196891785","859","859","859"
"86099","0.13834352791309357","0.13834352791309357","0.13834352791309357","860","860","860"
"86199","0.1452116072177887","0.1452116072177887","0.1452116072177887","861","861","861"
"86299","0.14435751736164093","0.14435751736164093","0.14435751736164093","862","862","862"
"86399","0.14082011580467224","0.14082011580467224","0.14082011580467224","863","863","863"
"86499","0.14650090038776398","0.14650090038776398","0.14650090038776398","864","864","864"
"86599","0.1523793488740921","0.1523793488740921","0.1523793488740921","865","865","865"
"86699","0.15031833946704865","0.15031833946704865","0.15031833946704865","866","866","866"
"86799","0.14253012835979462","0.14253012835979462","0.14253012835979462","867","867","867"
"86899","0.1410735696554184","0.1410735696554184","0.1410735696554184","868","868","868"
"86999","0.1430632621049881","0.1430632621049881","0.1430632621049881","869","869","869"
"87099","0.1471441388130188","0.1471441388130188","0.1471441388130188","870","870","870"
"87199","0.15467865765094757","0.15467865765094757","0.15467865765094757","871","871","871"
"87299","0.14763540029525757","0.14763540029525757","0.14763540029525757","872","872","872"
"87399","0.15136310458183289","0.15136310458183289","0.15136310458183289","873","873","873"
"87499","0.14505736529827118","0.14505736529827118","0.14505736529827118","874","874","874"
"87599","0.15540888905525208","0.15540888905525208","0.15540888905525208","875","875","875"
"87699","0.14588962495326996","0.14588962495326996","0.14588962495326996","876","876","876"
"87799","0.1459256261587143","0.1459256261587143","0.1459256261587143","877","877","877"
"87899","0.14576080441474915","0.14576080441474915","0.14576080441474915","878","878","878"
"87999","0.15082001686096191","0.15082001686096191","0.15082001686096191","879","879","879"
"88099","0.1513381153345108","0.1513381153345108","0.1513381153345108","880","880","880"
"88199","0.13862963020801544","0.13862963020801544","0.13862963020801544","881","881","881"
"88299","0.1328718364238739","0.1328718364238739","0.1328718364238739","882","882","882"
"88399","0.14658278226852417","0.14658278226852417","0.14658278226852417","883","883","883"
"88499","0.14620989561080933","0.14620989561080933","0.14620989561080933","884","884","884"
"88599","0.14705583453178406","0.14705583453178406","0.14705583453178406","885","885","885"
"88699","0.1553303599357605","0.1553303599357605","0.1553303599357605","886","886","886"
"88799","0.14818942546844482","0.14818942546844482","0.14818942546844482","887","887","887"
"88899","0.1442457139492035","0.1442457139492035","0.1442457139492035","888","888","888"
"88999","0.1475600004196167","0.1475600004196167","0.1475600004196167","889","889","889"
"89099","0.1455720067024231","0.1455720067024231","0.1455720067024231","890","890","890"
"89199","0.14969171583652496","0.14969171583652496","0.14969171583652496","891","891","891"
"89299","0.14790108799934387","0.14790108799934387","0.14790108799934387","892","892","892"
"89399","0.1382131278514862","0.1382131278514862","0.1382131278514862","893","893","893"
"89499","0.1398909091949463","0.1398909091949463","0.1398909091949463","894","894","894"
"89599","0.1425040066242218","0.1425040066242218","0.1425040066242218","895","895","895"
"89699","0.1467035561800003","0.1467035561800003","0.1467035561800003","896","896","896"
"89799","0.15168625116348267","0.15168625116348267","0.15168625116348267","897","897","897"
"89899","0.14516715705394745","0.14516715705394745","0.14516715705394745","898","898","898"
"89999","0.14217938482761383","0.14217938482761383","0.14217938482761383","899","899","899"
"90099","0.14194883406162262","0.14194883406162262","0.14194883406162262","900","900","900"
"90199","0.1524893343448639","0.1524893343448639","0.1524893343448639","901","901","901"
"90299","0.1451321244239807","0.1451321244239807","0.1451321244239807","902","902","902"
"90399","0.15157894790172577","0.15157894790172577","0.15157894790172577","903","903","903"
"90499","0.1384105235338211","0.1384105235338211","0.1384105235338211","904","904","904"
"90599","0.1391734480857849","0.1391734480857849","0.1391734480857849","905","905","905"
"90699","0.13549590110778809","0.13549590110778809","0.13549590110778809","906","906","906"
"90799","0.13651150465011597","0.13651150465011597","0.13651150465011597","907","907","907"
"90899","0.14291055500507355","0.14291055500507355","0.14291055500507355","908","908","908"
"90999","0.13965055346488953","0.13965055346488953","0.13965055346488953","909","909","909"
"91099","0.1477983146905899","0.1477983146905899","0.1477983146905899","910","910","910"
"91199","0.1379959136247635","0.1379959136247635","0.1379959136247635","911","911","911"
"91299","0.14413782954216003","0.14413782954216003","0.14413782954216003","912","912","912"
"91399","0.15080997347831726","0.15080997347831726","0.15080997347831726","913","913","913"
"91499","0.14154168963432312","0.14154168963432312","0.14154168963432312","914","914","914"
"91599","0.14914073050022125","0.14914073050022125","0.14914073050022125","915","915","915"
"91699","0.15101058781147003","0.15101058781147003","0.15101058781147003","916","916","916"
"91799","0.1393435001373291","0.1393435001373291","0.1393435001373291","917","917","917"
"91899","0.14467623829841614","0.14467623829841614","0.14467623829841614","918","918","918"
"91999","0.14246676862239838","0.14246676862239838","0.14246676862239838","919","919","919"
"92099","0.14732584357261658","0.14732584357261658","0.14732584357261658","920","920","920"
"92199","0.14868520200252533","0.14868520200252533","0.14868520200252533","921","921","921"
"92299","0.14391182363033295","0.14391182363033295","0.14391182363033295","922","922","922"
"92399","0.14160224795341492","0.14160224795341492","0.14160224795341492","923","923","923"
"92499","0.14019013941287994","0.14019013941287994","0.14019013941287994","924","924","924"
"92599","0.1461676061153412","0.1461676061153412","0.1461676061153412","925","925","925"
"92699","0.16130420565605164","0.16130420565605164","0.16130420565605164","926","926","926"
"92799","0.14602835476398468","0.14602835476398468","0.14602835476398468","927","927","927"
"92899","0.14649046957492828","0.14649046957492828","0.14649046957492828","928","928","928"
"92999","0.14604905247688293","0.14604905247688293","0.14604905247688293","929","929","929"
"93099","0.15080681443214417","0.15080681443214417","0.15080681443214417","930","930","930"
"93199","0.14949850738048553","0.14949850738048553","0.14949850738048553","931","931","931"
"93299","0.13992054760456085","0.13992054760456085","0.13992054760456085","932","932","932"
"93399","0.14358748495578766","0.14358748495578766","0.14358748495578766","933","933","933"
"93499","0.14328499138355255","0.14328499138355255","0.14328499138355255","934","934","934"
"93599","0.14644357562065125","0.14644357562065125","0.14644357562065125","935","935","935"
"93699","0.14591370522975922","0.14591370522975922","0.14591370522975922","936","936","936"
"93799","0.13591398298740387","0.13591398298740387","0.13591398298740387","937","937","937"
"93899","0.14347489178180695","0.14347489178180695","0.14347489178180695","938","938","938"
"93999","0.14740829169750214","0.14740829169750214","0.14740829169750214","939","939","939"
"94099","0.1466442495584488","0.1466442495584488","0.1466442495584488","940","940","940"
"94199","0.1443312168121338","0.1443312168121338","0.1443312168121338","941","941","941"
"94299","0.15063925087451935","0.15063925087451935","0.15063925087451935","942","942","942"
"94399","0.14315468072891235","0.14315468072891235","0.14315468072891235","943","943","943"
"94499","0.14943234622478485","0.14943234622478485","0.14943234622478485","944","944","944"
"94599","0.14104032516479492","0.14104032516479492","0.14104032516479492","945","945","945"
"94699","0.14975452423095703","0.14975452423095703","0.14975452423095703","946","946","946"
"94799","0.14083422720432281","0.14083422720432281","0.14083422720432281","947","947","947"
"94899","0.14288429915905","0.14288429915905","0.14288429915905","948","948","948"
"94999","0.14823465049266815","0.14823465049266815","0.14823465049266815","949","949","949"
"95099","0.1454543024301529","0.1454543024301529","0.1454543024301529","950","950","950"
"95199","0.1408112794160843","0.1408112794160843","0.1408112794160843","951","951","951"
"95299","0.13309022784233093","0.13309022784233093","0.13309022784233093","952","952","952"
"95399","0.14225469529628754","0.14225469529628754","0.14225469529628754","953","953","953"
"95499","0.1429441124200821","0.1429441124200821","0.1429441124200821","954","954","954"
"95599","0.14998696744441986","0.14998696744441986","0.14998696744441986","955","955","955"
"95699","0.1465362161397934","0.1465362161397934","0.1465362161397934","956","956","956"
"95799","0.14459328353405","0.14459328353405","0.14459328353405","957","957","957"
"95899","0.14388425648212433","0.14388425648212433","0.14388425648212433","958","958","958"
"95999","0.14497196674346924","0.14497196674346924","0.14497196674346924","959","959","959"
"96099","0.14311888813972473","0.14311888813972473","0.14311888813972473","960","960","960"
"96199","0.13820679485797882","0.13820679485797882","0.13820679485797882","961","961","961"
"96299","0.14440427720546722","0.14440427720546722","0.14440427720546722","962","962","962"
"96399","0.13218674063682556","0.13218674063682556","0.13218674063682556","963","963","963"
"96499","0.13662579655647278","0.13662579655647278","0.13662579655647278","964","964","964"
"96599","0.13951332867145538","0.13951332867145538","0.13951332867145538","965","965","965"
"96699","0.14388753473758698","0.14388753473758698","0.14388753473758698","966","966","966"
"96799","0.1468237191438675","0.1468237191438675","0.1468237191438675","967","967","967"
"96899","0.14521272480487823","0.14521272480487823","0.14521272480487823","968","968","968"
"96999","0.14365479350090027","0.14365479350090027","0.14365479350090027","969","969","969"
"97099","0.13871358335018158","0.13871358335018158","0.13871358335018158","970","970","970"
"97199","0.14611956477165222","0.14611956477165222","0.14611956477165222","971","971","971"
"97299","0.1561116725206375","0.1561116725206375","0.1561116725206375","972","972","972"
"97399","0.15768389403820038","0.15768389403820038","0.15768389403820038","973","973","973"
"97499","0.15027475357055664","0.15027475357055664","0.15027475357055664","974","974","974"
"97599","0.13725396990776062","0.13725396990776062","0.13725396990776062","975","975","975"
"97699","0.14106369018554688","0.14106369018554688","0.14106369018554688","976","976","976"
"97799","0.14098143577575684","0.14098143577575684","0.14098143577575684","977","977","977"
"97899","0.14821715652942657","0.14821715652942657","0.14821715652942657","978","978","978"
"97999","0.13792940974235535","0.13792940974235535","0.13792940974235535","979","979","979"
"98099","0.15043701231479645","0.15043701231479645","0.15043701231479645","980","980","980"
"98199","0.14292043447494507","0.14292043447494507","0.14292043447494507","981","981","981"
"98299","0.1452396810054779","0.1452396810054779","0.1452396810054779","982","982","982"
"98399","0.1474391222000122","0.1474391222000122","0.1474391222000122","983","983","983"
"98499","0.13617777824401855","0.13617777824401855","0.13617777824401855","984","984","984"
"98599","0.14751356840133667","0.14751356840133667","0.14751356840133667","985","985","985"
"98699","0.14281390607357025","0.14281390607357025","0.14281390607357025","986","986","986"
"98799","0.14406007528305054","0.14406007528305054","0.14406007528305054","987","987","987"
"98899","0.14310498535633087","0.14310498535633087","0.14310498535633087","988","988","988"
"98999","0.14236700534820557","0.14236700534820557","0.14236700534820557","989","989","989"
"99099","0.14459194242954254","0.14459194242954254","0.14459194242954254","990","990","990"
"99199","0.13667181134223938","0.13667181134223938","0.13667181134223938","991","991","991"
"99299","0.1454731971025467","0.1454731971025467","0.1454731971025467","992","992","992"
"99399","0.14094242453575134","0.14094242453575134","0.14094242453575134","993","993","993"
"99499","0.13187378644943237","0.13187378644943237","0.13187378644943237","994","994","994"
"99599","0.14318884909152985","0.14318884909152985","0.14318884909152985","995","995","995"
"99699","0.14463111758232117","0.14463111758232117","0.14463111758232117","996","996","996"
"99799","0.14069829881191254","0.14069829881191254","0.14069829881191254","997","997","997"
"99899","0.14800523221492767","0.14800523221492767","0.14800523221492767","998","998","998"
"99999","0.13879187405109406","0.13879187405109406","0.13879187405109406","999","999","999"
"100099","0.1501701921224594","0.1501701921224594","0.1501701921224594","1000","1000","1000"
"100199","0.1483003944158554","0.1483003944158554","0.1483003944158554","1001","1001","1001"
"100299","0.14757230877876282","0.14757230877876282","0.14757230877876282","1002","1002","1002"
"100399","0.13368558883666992","0.13368558883666992","0.13368558883666992","1003","1003","1003"
"100499","0.14346428215503693","0.14346428215503693","0.14346428215503693","1004","1004","1004"
"100599","0.14161880314350128","0.14161880314350128","0.14161880314350128","1005","1005","1005"
"100699","0.13760454952716827","0.13760454952716827","0.13760454952716827","1006","1006","1006"
"100799","0.14831848442554474","0.14831848442554474","0.14831848442554474","1007","1007","1007"
"100899","0.14271678030490875","0.14271678030490875","0.14271678030490875","1008","1008","1008"
"100999","0.14685498178005219","0.14685498178005219","0.14685498178005219","1009","1009","1009"
"101099","0.15007801353931427","0.15007801353931427","0.15007801353931427","1010","1010","1010"
"101199","0.14565296471118927","0.14565296471118927","0.14565296471118927","1011","1011","1011"
"101299","0.1453523337841034","0.1453523337841034","0.1453523337841034","1012","1012","1012"
"101399","0.14143434166908264","0.14143434166908264","0.14143434166908264","1013","1013","1013"
"101499","0.13945598900318146","0.13945598900318146","0.13945598900318146","1014","1014","1014"
"101599","0.14129644632339478","0.14129644632339478","0.14129644632339478","1015","1015","1015"
"101699","0.13711251318454742","0.13711251318454742","0.13711251318454742","1016","1016","1016"
"101799","0.15765078365802765","0.15765078365802765","0.15765078365802765","1017","1017","1017"
"101899","0.13765226304531097","0.13765226304531097","0.13765226304531097","1018","1018","1018"
"101999","0.14580221474170685","0.14580221474170685","0.14580221474170685","1019","1019","1019"
"102099","0.14698900282382965","0.14698900282382965","0.14698900282382965","1020","1020","1020"
"102199","0.1452116221189499","0.1452116221189499","0.1452116221189499","1021","1021","1021"
"102299","0.1445365697145462","0.1445365697145462","0.1445365697145462","1022","1022","1022"
"102399","0.14348642528057098","0.14348642528057098","0.14348642528057098","1023","1023","1023"
"102499","0.14506182074546814","0.14506182074546814","0.14506182074546814","1024","1024","1024"
"102599","0.14428932964801788","0.14428932964801788","0.14428932964801788","1025","1025","1025"
"102699","0.14654579758644104","0.14654579758644104","0.14654579758644104","1026","1026","1026"
"102799","0.14273039996623993","0.14273039996623993","0.14273039996623993","1027","1027","1027"
"102899","0.14238280057907104","0.14238280057907104","0.14238280057907104","1028","1028","1028"
"102999","0.13166695833206177","0.13166695833206177","0.13166695833206177","1029","1029","1029"
"103099","0.14975489675998688","0.14975489675998688","0.14975489675998688","1030","1030","1030"
"103199","0.14161133766174316","0.14161133766174316","0.14161133766174316","1031","1031","1031"
"103299","0.14831538498401642","0.14831538498401642","0.14831538498401642","1032","1032","1032"
"103399","0.1524643748998642","0.1524643748998642","0.1524643748998642","1033","1033","1033"
"103499","0.1464160829782486","0.1464160829782486","0.1464160829782486","1034","1034","1034"
"103599","0.14476822316646576","0.14476822316646576","0.14476822316646576","1035","1035","1035"
"103699","0.13674458861351013","0.13674458861351013","0.13674458861351013","1036","1036","1036"
"103799","0.14629675447940826","0.14629675447940826","0.14629675447940826","1037","1037","1037"
"103899","0.13862095773220062","0.13862095773220062","0.13862095773220062","1038","1038","1038"
"103999","0.14309504628181458","0.14309504628181458","0.14309504628181458","1039","1039","1039"
"104099","0.15707305073738098","0.15707305073738098","0.15707305073738098","1040","1040","1040"
"104199","0.14064675569534302","0.14064675569534302","0.14064675569534302","1041","1041","1041"
"104299","0.14860644936561584","0.14860644936561584","0.14860644936561584","1042","1042","1042"
"104399","0.14631199836730957","0.14631199836730957","0.14631199836730957","1043","1043","1043"
"104499","0.1383673995733261","0.1383673995733261","0.1383673995733261","1044","1044","1044"
"104599","0.1453729271888733","0.1453729271888733","0.1453729271888733","1045","1045","1045"
"104699","0.13795320689678192","0.13795320689678192","0.13795320689678192","1046","1046","1046"
"104799","0.15542440116405487","0.15542440116405487","0.15542440116405487","1047","1047","1047"
"104899","0.13540025055408478","0.13540025055408478","0.13540025055408478","1048","1048","1048"
"104999","0.14912386238574982","0.14912386238574982","0.14912386238574982","1049","1049","1049"
"105099","0.15311037003993988","0.15311037003993988","0.15311037003993988","1050","1050","1050"
"105199","0.15149427950382233","0.15149427950382233","0.15149427950382233","1051","1051","1051"
"105299","0.1436445415019989","0.1436445415019989","0.1436445415019989","1052","1052","1052"
"105399","0.14751021564006805","0.14751021564006805","0.14751021564006805","1053","1053","1053"
"105499","0.1412326842546463","0.1412326842546463","0.1412326842546463","1054","1054","1054"
"105599","0.1473611444234848","0.1473611444234848","0.1473611444234848","1055","1055","1055"
"105699","0.13956984877586365","0.13956984877586365","0.13956984877586365","1056","1056","1056"
"105799","0.13589051365852356","0.13589051365852356","0.13589051365852356","1057","1057","1057"
"105899","0.12862130999565125","0.12862130999565125","0.12862130999565125","1058","1058","1058"
"105999","0.15616175532341003","0.15616175532341003","0.15616175532341003","1059","1059","1059"
"106099","0.13859352469444275","0.13859352469444275","0.13859352469444275","1060","1060","1060"
"106199","0.14027199149131775","0.14027199149131775","0.14027199149131775","1061","1061","1061"
"106299","0.14673349261283875","0.14673349261283875","0.14673349261283875","1062","1062","1062"
"106399","0.14185240864753723","0.14185240864753723","0.14185240864753723","1063","1063","1063"
"106499","0.1444040834903717","0.1444040834903717","0.1444040834903717","1064","1064","1064"
"106599","0.13437069952487946","0.13437069952487946","0.13437069952487946","1065","1065","1065"
"106699","0.14517110586166382","0.14517110586166382","0.14517110586166382","1066","1066","1066"
"106799","0.14123483002185822","0.14123483002185822","0.14123483002185822","1067","1067","1067"
"106899","0.13829731941223145","0.13829731941223145","0.13829731941223145","1068","1068","1068"
"106999","0.14220945537090302","0.14220945537090302","0.14220945537090302","1069","1069","1069"
"107099","0.14138568937778473","0.14138568937778473","0.14138568937778473","1070","1070","1070"
"107199","0.1426796019077301","0.1426796019077301","0.1426796019077301","1071","1071","1071"
"107299","0.146009162068367","0.146009162068367","0.146009162068367","1072","1072","1072"
"107399","0.1306125521659851","0.1306125521659851","0.1306125521659851","1073","1073","1073"
"107499","0.1333416849374771","0.1333416849374771","0.1333416849374771","1074","1074","1074"
"107599","0.14410097897052765","0.14410097897052765","0.14410097897052765","1075","1075","1075"
"107699","0.1441297084093094","0.1441297084093094","0.1441297084093094","1076","1076","1076"
"107799","0.14259180426597595","0.14259180426597595","0.14259180426597595","1077","1077","1077"
"107899","0.14591428637504578","0.14591428637504578","0.14591428637504578","1078","1078","1078"